Workbook

Sheet Longitude and Latitude
A1: Kabupaten Kota | B1: Latitude | C1: Longitude
A2: ACEH | B2: 4.695135 | C2: 96.749399
A3: Simeulue | B3: 2.583333 | C3: 96.083333
A4: Aceh Singkil | B4: 2.3589459 | C4: 97.87216
A5: Aceh Selatan | B5: 3.3115056 | C5: 97.351656
A6: Aceh Tenggara | B6: 3.3088666 | C6: 97.698227
A7: Aceh Timur | B7: 5.255443 | C7: 95.988546
A8: Aceh Tengah | B8: 4.4482641 | C8: 96.8351
A9: Aceh Barat | B9: 4.4542745 | C9: 96.152698
A10: Aceh Besar | B10: 5.4529168 | C10: 95.477781
A11: Pidie | B11: 5.0742659 | C11: 95.940971
A12: Bireuen | B12: 5.18254 | C12: 96.89005
A13: Aceh Utara | B13: 4.9786331 | C13: 97.222142
... A573: Jayawijaya | B573: -4.52167 | C573: 140.29541
A574: Lanny Jaya
A575: Tolikara
A576: Mamberamo Tengah
A577: Yalimo
A578: Yahukimo
A579: Pegunungan Bintang

Sheet DataAll
A1: Kabupaten Kota | B1: IPG | D1: Kabupaten Kota | E1: IDG | G1: Kabupaten Kota | H1: IKG | J1: Kabupaten Kota | K1: Keterlibatan Perempuan di Parlemen (Persen) | M1: Kabupaten Kota | N1: Perempuan sebagai Tenaga Profesional (Persen) | P1: Kabupaten/Kota | Q1: Prevalensi Ketidakcukupan Konsumsi Pangan (Persen) Per Kabupaten/kota (Persen) | S1: Kabupaten Kota | T1: Proporsi Perempuan Pernah Kawin 15-49 tahun yang Melahirkan Anak Lahir Hidup Yang Pertama Kali Berumur Kurang dari 20 tahun Menurut Kabupaten/Kota | V1: Kabupaten Kota | W1: Sumbangan Pendapatan Perempuan (Persen) | Y1: Provinsi/Kabupaten/Kota | Z1: Angka Kelahiran Total | AC1: NAMA DAERAH | AD1: DAUPendidikan | AE1: DAUKesehatan | AF1: DAUPekerjaanumum | AI1: Daerah | AJ1: AKB | AL1: Nama Wilayah | AM1: PPM | AO1: Daerah | AP1: AHHL | AQ1: AHHP | AS1: Daerah | AT1: RLSL | AU1: RLSP | AW1: Daerah | AX1: PSMA
A2: ACEH | B2: 92.55 | D2: ACEH | E2: 63.56 | G2: ACEH | H2: 0.489 | J2: ACEH | K2: 11.11 | M2: ACEH | N2: 55.77 | P2: Simeulue | Q2: 10.91 | S2: ACEH | T2: 0.209 | V2: ACEH | W2: 34.5 | Y2: ACEH | Z2: 2.42 | AC2: Aceh | AD2: 226421030 | AE2: 41187010 | AF2: 23846273 | AI2: ACEH | AJ2: 22.88 | AL2: ACEH | AM2: 14.45 | AO2: ACEH | AP2: 68.42 | AQ2: 72.35 | AS2: ACEH | AT2: 9.7 | AU2: 9.4 | AW2: ACEH | AX2: 44.57
A3: Simeulue | B3: 79.41 | D3: SIMEULUE | E3: 64.79 | G3: Simeulue | H3: 0.302 | J3: SIMEULUE | K3: 20 | M3: SIMEULUE | N3: 52.38 | P3: Aceh Singkil | Q3: 7.31 | S3: Simeulue | T3: 0.261 | V3: SIMEULUE | W3: 24.04 | Y3: SIMEULUE | Z3: 2.71 | AC3: Aceh Barat | AD3: 63513911 | AE3: 31594492 | AF3: 17535407 | AI3: SIMEULUE | AJ3: 38.9 | AL3: Simeulue | AM3: 17.92 | AO3: Simeulue | AP3: 63.72 | AQ3: 67.59 | AS3: Simeulue | AT3: 10.15 | AU3: 9.37 | AW3: Simeulue | AX3: 42.67
A4: Aceh Singkil | B4: 85.23 | D4: ACEH SINGKIL | E4: 59.84 | G4: Aceh Singkil | H4: 0.525 | J4: ACEH SINGKIL | K4: 12 | M4: ACEH SINGKIL | N4: 58.41 | P4: Aceh Selatan | Q4: 13.7 | S4: Aceh Singkil | T4: 0.279 | V4: ACEH SINGKIL | W4: 29.1 | Y4: ACEH SINGKIL | Z4: 3.04 | AC4: Aceh Besar | AD4: 74512082 | AE4: 44604335 | AF4: 21647988 | AI4: ACEH SINGKIL | AJ4: 39.3 | AL4: Aceh Singkil | AM4: 19.15 | AO4: Aceh Singkil | AP4: 65.84 | AQ4: 69.82 | AS4: Aceh Singkil | AT4: 9.03 | AU4: 8.28 | AW4: Aceh Singkil | AX4: 38.62
A5: Aceh Selatan | B5: 92.12 | D5: ACEH SELATAN | E5: 57.65 | G5: Aceh Selatan | H5: 0.457 | J5: ACEH SELATAN | K5: 10 | M5: ACEH SELATAN | N5: 52.3 | P5: Aceh Tenggara | Q5: 12.97 | S5: Aceh Selatan | T5: 0.219 | V5: ACEH SELATAN | W5: 28.87 | Y5: ACEH SELATAN | Z5: 2.39 | AC5: Aceh Selatan | AD5: 70561182 | AE5: 42635523 | AF5: 43717592 | AI5: ACEH SELATAN | AJ5: 35.8 | AL5: Aceh Selatan | AM5: 12.1 | AO5: Aceh Selatan | AP5: 62.94 | AQ5: 66.78 | AS5: Aceh Selatan | AT5: 9.23 | AU5: 8.45 | AW5: Aceh Selatan | AX5: 34.83
A6: Aceh Tenggara | B6: 93.28 | D6: ACEH TENGGARA | E6: 59.4 | G6: Aceh Tenggara | H6: 0.519 | J6: ACEH TENGGARA | K6: 10 | M6: ACEH TENGGARA | N6: 53.83 | P6: Aceh Timur | Q6: 8.61 | S6: Aceh Tenggara | T6: 0.259 | V6: ACEH TENGGARA | W6: 31.46 | Y6: ACEH TENGGARA | Z6: 2.71 | AC6: Aceh Singkil | AD6: 56313869 | AE6: 28588767 | AF6: 15724946 | AI6: ACEH TENGGARA | AJ6: 25.45 | AL6: Aceh Tenggara | AM6: 12.45 | AO6: Aceh Tenggara | AP6: 66.71 | AQ6: 70.69 | AS6: Aceh Tenggara | AT6: 10.39 | AU6: 9.81 | AW6: Aceh Tenggara | AX6: 47.54
A7: Aceh Timur | B7: 86.98 | D7: ACEH TIMUR | E7: 57.52 | G7: Aceh Timur | H7: 0.548 | J7: ACEH TIMUR | K7: 10 | M7: ACEH TIMUR | N7: 52.03 | P7: Aceh Tengah | Q7: 8.61 | S7: Aceh Timur | T7: 0.229 | V7: ACEH TIMUR | W7: 29.09 | Y7: ACEH TIMUR | Z7: 2.41 | AC7: Aceh Tengah | AD7: 61703899 | AE7: 32336706 | AF7: 18983329 | AI7: ACEH TIMUR | AJ7: 26.75 | AL7: Aceh Timur | AM7: 13.39 | AO7: Aceh Timur | AP7: 67.14 | AQ7: 71.1 | AS7: Aceh Timur | AT7: 8.6 | AU7: 8.38 | AW7: Aceh Timur | AX7: 31.23
A8: Aceh Tengah | B8: 97.5 | D8: ACEH TENGAH | E8: 71.78 | G8: Aceh Tengah | H8: 0.507 | J8: ACEH TENGAH | K8: 16.67 | M8: ACEH TENGAH | N8: 55.93 | P8: Aceh Barat | Q8: 6.16 | S8: Aceh Tengah | T8: 0.263 | V8: ACEH TENGAH | W8: 37.41 | Y8: ACEH TENGAH | Z8: 2.51 | AC8: Aceh Tenggara | AD8: 74005116 | AE8: 27378623 | AF8: 44244837 | AI8: ACEH TENGAH | AJ8: 25.43 | AL8: Aceh Tengah | AM8: 14.38 | AO8: Aceh Tengah | AP8: 67.25 | AQ8: 71.21 | AS8: Aceh Tengah | AT8: 10.06 | AU8: 9.72 | AW8: Aceh Tengah | AX8: 47.92
A9: Aceh Barat | B9: 86.36 | D9: ACEH BARAT | E9: 56.86 | G9: Aceh Barat | H9: 0.404 | J9: ACEH BARAT | K9: 8 | M9: ACEH BARAT | N9: 48.63 | P9: Aceh Besar | Q9: 8.58 | S9: Aceh Barat | T9: 0.223 | V9: ACEH BARAT | W9: 29.56 | Y9: ACEH BARAT | Z9: 2.3 | AC9: Aceh Timur | AD9: 101353857 | AE9: 42624136 | AF9: 48622684 | AI9: ACEH BARAT | AJ9: 29.48 | AL9: Aceh Barat | AM9: 17.86 | AO9: Aceh Barat | AP9: 66.4 | AQ9: 70.38 | AS9: Aceh Barat | AT9: 10.16 | AU9: 9.8 | AW9: Aceh Barat | AX9: 48.3
A10: Aceh Besar | B10: 95.29 | D10: ACEH BESAR | E10: 47.2 | G10: Aceh Besar | H10: 0.5 | J10: ACEH BESAR | K10: 2.86 | M10: ACEH BESAR | N10: 57.67 | P10: Pidie | Q10: 9.12 | S10: Aceh Besar | T10: 0.182 | V10: ACEH BESAR | W10: 25.24 | Y10: ACEH BESAR | Z10: 2.25 | AC10: Aceh Utara | AD10: 120438845 | AE10: 50724907 | AF10: 40627054 | AI10: ACEH BESAR | AJ10: 22.41 | AL10: Aceh Besar | AM10: 13.38 | AO10: Aceh Besar | AP10: 68.22 | AQ10: 72.16 | AS10: Aceh Besar | AT10: 10.56 | AU10: 10.36 | AW10: Aceh Besar | AX10: 56.44
A11: Pidie | B11: 93.92 | D11: PIDIE | E11: 66.3 | G11: Pidie | H11: 0.288 | J11: PIDIE | K11: 17.5 | M11: PIDIE | N11: 59.02 | P11: Bireuen | Q11: 7.62 | S11: Pidie | T11: 0.127 | V11: PIDIE | W11: 32.01 | Y11: PIDIE | Z11: 2.35 | AC11: Bireuen | AD11: 97741728 | AE11: 31613111 | AF11: 20623557 | AI11: PIDIE | AJ11: 39.41 | AL11: Pidie | AM11: 18.78 | AO11: Pidie | AP11: 65.36 | AQ11: 69.32 | AS11: Pidie | AT11: 9.43 | AU11: 8.73 | AW11: Pidie | AX11: 39.24
A12: Bireuen | B12: 95.08 | D12: BIREUEN | E12: 59.19 | G12: Bireuen | H12: 0.478 | J12: BIREUEN | K12: 7.5 | M12: BIREUEN | N12: 59.12 | P12: Aceh Utara | Q12: 14.24 | S12: Bireuen | T12: 0.195 | V12: BIREUEN | W12: 38.51 | Y12: BIREUEN | Z12: 2.44 | AC12: Pidie | AD12: 88899614 | AE12: 67861398 | AF12: 28716041 | AI12: BIREUEN | AJ12: 20.64 | AL12: Bireuen | AM12: 12.12 | AO12: Bireuen | AP12: 69.72 | AQ12: 73.7 | AS12: Bireuen | AT12: 9.39 | AU12: 9.3 | AW12: Bireuen | AX12: 40.37
A13: Aceh Utara | B13: 93.3 | D13: ACEH UTARA | E13: 49.18 | G13: Aceh Utara | H13: 0.558 | J13: ACEH UTARA | K13: 2.22 | M13: ACEH UTARA | N13: 67.37 | P13: Aceh Barat Daya | Q13: 9.64 | S13: Aceh Utara | T13: 0.248 | V13: ACEH UTARA | W13: 34.17 | Y13: ACEH UTARA | Z13: 2.32 | AC13: Simeulue | AD13: 41299762 | AE13: 29109492 | AF13: 27019646 | AI13: ACEH UTARA | AJ13: 26.08 | AL13: Aceh Utara | AM13: 16.64 | AO13: Aceh Utara | AP13: 67.21 | AQ13: 71.18 | AS13: Aceh Utara | AT13: 9.03 | AU13: 8.72 | AW13: Aceh Utara | AX13: 35.11
A14: Aceh Barat Daya | B14: 90.27 | D14: ACEH BARAT DAYA | E14: 50.62 | G14: Aceh Barat Daya | H14: 0.494 | J14: ACEH BARAT DAYA | K14: 4 | M14: ACEH BARAT DAYA | N14: 65.04 | P14: Gayo Lues | Q14: 9.18 | S14: Aceh Barat Daya | T14: 0.239 | V14: ACEH BARAT DAYA | W14: 30.25 | Y14: ACEH BARAT DAYA | Z14: 2.37 | AC14: Kota Banda Aceh | AD14: 32318056 | AE14: 20346153 | AF14: - | AI14: ACEH BARAT DAYA | AJ14: 35.37 | AL14: Aceh Barat Daya | AM14: 15.43 | AO14: Aceh Barat Daya | AP14: 63.6 | AQ14: 67.46 | AS14: Aceh Barat Daya | AT14: 8.96 | AU14: 8.66 | AW14: Aceh Barat Daya | AX14: 40.01
A15: Gayo Lues | B15: 89.63 | D15: GAYO LUES | E15: 57.31 | G15: Gayo Lues | H15: 0.604 | J15: GAYO LUES | K15: 5 | M15: GAYO LUES | N15: 46.82 | P15: Aceh Tamiang | Q15: 12.05 | S15: Gayo Lues | T15: 0.287 | V15: GAYO LUES | W15: 36.61 | Y15: GAYO LUES | Z15: 2.72 | AC15: Kota Sabang | AD15: 10899469 | AE15: 12672686 | AF15: 5201235 | AI15: GAYO LUES | AJ15: 41.76 | AL15: Gayo Lues | AM15: 18.82 | AO15: Gayo Lues | AP15: 64.02 | AQ15: 67.91 | AS15: Gayo Lues | AT15: 9.23 | AU15: 7.72 | AW15: Gayo Lues | AX15: 32.31
A16: Aceh Tamiang | B16: 82.38 | D16: ACEH TAMIANG | E16: 76.54 | G16: Aceh Tamiang | H16: 0.488 | J16: ACEH TAMIANG | K16: 36.67 | M16: ACEH TAMIANG | N16: 56.79 | P16: Nagan Raya | Q16: 3.43 | S16: Aceh Tamiang | T16: 0.196 | V16: ACEH TAMIANG | W16: 28.33 | Y16: ACEH TAMIANG | Z16: 2.38 | AC16: Kota Langsa | AD16: 46050723 | AE16: 23907568 | AF16: 6413027 | AI16: ACEH TAMIANG | AJ16: 20.86 | AL16: Aceh Tamiang | AM16: 12.51 | AO16: Aceh Tamiang | AP16: 68.12 | AQ16: 72.06 | AS16: Aceh Tamiang | AT16: 9.51 | AU16: 9.01 | AW16: Aceh Tamiang | AX16: 45.36
A17: Nagan Raya | B17: 91.02 | D17: NAGAN RAYA | E17: 63.54 | G17: Nagan Raya | H17: 0.486 | J17: NAGAN RAYA | K17: 16 | M17: NAGAN RAYA | N17: 53.61 | P17: Aceh Jaya | Q17: 9.44 | S17: Nagan Raya | T17: 0.279 | V17: NAGAN RAYA | W17: 27.74 | Y17: NAGAN RAYA | Z17: 2.34 | AC17: Kota Lhokseumawe | AD17: 38412003 | AE17: 16446054 | AF17: 4303514 | AI17: NAGAN RAYA | AJ17: 25.02 | AL17: Nagan Raya | AM17: 17.25 | AO17: Nagan Raya | AP17: 67.68 | AQ17: 71.63 | AS17: Nagan Raya | AT17: 9.2 | AU17: 8.73 | AW17: Nagan Raya | AX17: 37.11
A18: Aceh Jaya | B18: 89.8 | D18: ACEH JAYA | E18: 58.35 | G18: Aceh Jaya | H18: 0.464 | J18: ACEH JAYA | K18: 5 | M18: ACEH JAYA | N18: 57.08 | P18: Bener Meriah | Q18: 7.22 | S18: Aceh Jaya | T18: 0.308 | V18: ACEH JAYA | W18: 38.07 | Y18: ACEH JAYA | Z18: 2.77 | AC18: Gayo Lues | AD18: 49380059 | AE18: 26511451 | AF18: 53259897 | AI18: ACEH JAYA | AJ18: 32.99 | AL18: Aceh Jaya | AM18: 12.42 | AO18: Aceh Jaya | AP18: 65.62 | AQ18: 69.59 | AS18: Aceh Jaya | AT18: 8.93 | AU18: 8.63 | AW18: Aceh Jaya | AX18: 34.77
A19: Bener Meriah | B19: 96.76 | D19: BENER MERIAH | E19: 52.68 | G19: Bener Meriah | H19: 0.573 | J19: BENER MERIAH | K19: 4 | M19: BENER MERIAH | N19: 57.41 | P19: Pidie Jaya | Q19: 9.47 | S19: Bener Meriah | T19: 0.21 | V19: BENER MERIAH | W19: 30 | Y19: BENER MERIAH | Z19: 2.58 | AC19: Aceh Barat Daya | AD19: 50563751 | AE19: 29367292 | AF19: 26255738 | AI19: BENER MERIAH | AJ19: 26.14 | AL19: Bener Meriah | AM19: 18.31 | AO19: Bener Meriah | AP19: 67.71 | AQ19: 71.66 | AS19: Bener Meriah | AT19: 10.16 | AU19: 10.04 | AW19: Bener Meriah | AX19: 51.21
A20: Pidie Jaya | B20: 95.27 | D20: PIDIE JAYA | E20: 52.15 | G20: Pidie Jaya | H20: 0.786 | J20: PIDIE JAYA | K20: - | M20: PIDIE JAYA | N20: 52.84 | P20: Kota Banda Aceh | Q20: 5.47 | S20: Pidie Jaya | T20: 0.163 | V20: PIDIE JAYA | W20: 35.01 | Y20: PIDIE JAYA | Z20: 2.49 | AC20: Aceh Jaya | AD20: 40350524 | AE20: 26273628 | AF20: 27183536 | AI20: PIDIE JAYA | AJ20: 23.19 | AL20: Pidie Jaya | AM20: 18.4 | AO20: Pidie Jaya | AP20: 68.68 | AQ20: 72.61 | AS20: Pidie Jaya | AT20: 9.8 | AU20: 9.47 | AW20: Pidie Jaya | AX20: 43.16
A21: Kota Banda Aceh | B21: 96.19 | D21: KOTA BANDA ACEH | E21: 62.42 | G21: Kota Banda Aceh | H21: 0.335 | J21: KOTA BANDA ACEH | K21: 13.33 | M21: KOTA BANDA ACEH | N21: 50.42 | P21: Kota Sabang | Q21: 9.01 | S21: Kota Banda Aceh | T21: 0.082 | V21: KOTA BANDA ACEH | W21: 28.26 | Y21: KOTA BANDA ACEH | Z21: 2.04 | AC21: Nagan Raya | AD21: 56753563 | AE21: 25282183 | AF21: 21994791 | AI21: KOTA BANDA ACEH | AJ21: 14.36 | AL21: Kota Banda Aceh | AM21: 7.04 | AO21: Kota Banda Aceh | AP21: 70.07 | AQ21: 74.07 | AS21: Kota Banda Aceh | AT21: 13.14 | AU21: 12.87 | AW21: Kota Banda Aceh | AX21: 75.67
A22: Kota Sabang | B22: 95.64 | D22: KOTA SABANG | E22: 75.43 | G22: Kota Sabang | H22: 0.326 | J22: KOTA SABANG | K22: 25 | M22: KOTA SABANG | N22: 54.3 | P22: Kota Langsa | Q22: 9.89 | S22: Kota Sabang | T22: 0.147 | V22: KOTA SABANG | W22: 33 | Y22: KOTA SABANG | Z22: 2.43 | AC22: Aceh Tamiang | AD22: 50206519 | AE22: 27864631 | AF22: 21690659 | AI22: KOTA SABANG | AJ22: 21.87 | AL22: Kota Sabang | AM22: 14.59 | AO22: Kota Sabang | AP22: 69.05 | AQ22: 73 | AS22: Kota Sabang | AT22: 11.32 | AU22: 11.05 | AW22: Kota Sabang | AX22: 58.93
A23: Kota Langsa | B23: 95.77 | D23: KOTA LANGSA | E23: 65.54 | G23: Kota Langsa | H23: 0.467 | J23: KOTA LANGSA | K23: 20 | M23: KOTA LANGSA | N23: 49.34 | P23: Kota Lhokseumawe | Q23: 6.09 | S23: Kota Langsa | T23: 0.099 | V23: KOTA LANGSA | W23: 27.47 | Y23: KOTA LANGSA | Z23: 2.23 | AC23: Bener Meriah | AD23: 48229562 | AE23: 20340498 | AF23: 37933551 | AI23: KOTA LANGSA | AJ23: 18.31 | AL23: Kota Langsa | AM23: 10.53 | AO23: Kota Langsa | AP23: 67.85 | AQ23: 71.8 | AS23: Kota Langsa | AT23: 11.54 | AU23: 11.01 | AW23: Kota Langsa | AX23: 64.14
A24: Kota Lhokseumawe | B24: 95.73 | D24: KOTA LHOKSEUMAWE | E24: 65.7 | G24: Kota Lhokseumawe | H24: 0.303 | J24: KOTA LHOKSEUMAWE | K24: 24 | M24: KOTA LHOKSEUMAWE | N24: 57.04 | P24: Kota Subulussalam | Q24: 7.3 | S24: Kota Lhokseumawe | T24: 0.174 | V24: KOTA LHOKSEUMAWE | W24: 23.68 | Y24: KOTA LHOKSEUMAWE | Z24: 2.39 | AC24: Pidie Jaya | AD24: 29905018 | AE24: 23781682 | AF24: 18850150 | AI24: KOTA LHOKSEUMAWE | AJ24: 15.06 | AL24: Kota Lhokseumawe | AM24: 10.73 | AO24: Kota Lhokseumawe | AP24: 70.11 | AQ24: 74.11 | AS24: Kota Lhokseumawe | AT24: 11.46 | AU24: 11.19 | AW24: Kota Lhokseumawe | AX24: 61.25
A25: Kota Subulussalam | B25: 85.36 | D25: KOTA SUBULUSSALAM | E25: 67.84 | G25: Kota Subulussalam | H25: 0.583 | J25: KOTA SUBULUSSALAM | K25: 15 | M25: KOTA SUBULUSSALAM | N25: 61.47 | P25: Nias | Q25: 8.14 | S25: Kota Subulussalam | T25: 0.322 | V25: KOTA SUBULUSSALAM | W25: 36.28 | Y25: KOTA SUBULUSSALAM | Z25: 3.13 | AC25: Kota Subulussalam | AD25: 41480120 | AE25: 20607276 | AF25: 18032121 | AI25: KOTA SUBULUSSALAM | AJ25: 38.87 | AL25: Kota Subulussalam | AM25: 16.41 | AO25: Kota Subulussalam | AP25: 62.54 | AQ25: 66.37 | AS25: Kota Subulussalam | AT25: 8.88 | AU25: 7.94 | AW25: Kota Subulussalam | AX25: 34.02
A26: SUMATERA UTARA | B26: 91.31 | D26: SUMATERA UTARA | E26: 69.18 | G26: SUMATERA UTARA | H26: 0.425 | J26: SUMATERA UTARA | K26: 14 | M26: SUMATERA UTARA | N26: 53.95 | P26: Mandailing Natal | Q26: 9.03 | S26: SUMATERA UTARA | T26: 0.151 | V26: SUMATERA UTARA | W26: 36.21 | Y26: SUMATERA UTARA | Z26: 2.48 | AC26: Sumatera Utara | AD26: 406644265 | AE26: 56209232 | AF26: 19781378 | AI26: SUMATERA UTARA | AJ26: 21.37 | AL26: SUMATERA UTARA | AM26: 8.15 | AO26: SUMATERA UTARA | AP26: 68.06 | AQ26: 72 | AS26: SUMATERA UTARA | AT26: 10.02 | AU26: 9.63 | AW26: SUMATERA UTARA | AX26: 51.68
A27: Nias | B27: 91.05 | D27: NIAS | E27: 61.45 | G27: Nias | H27: 0.563 | J27: NIAS | K27: 8 | M27: NIAS | N27: 35.47 | P27: Tapanuli Selatan | Q27: 8.1 | S27: Nias | T27: 0.233 | V27: NIAS | W27: 50.32 | Y27: NIAS | Z27: 3.18 | AC27: Asahan | AD27: 110149371 | AE27: 54620516 | AF27: 23723021 | AI27: NIAS | AJ27: 28.95 | AL27: Nias | AM27: 15.1 | AO27: Nias | AP27: 68.42 | AQ27: 72.35 | AS27: Nias | AT27: 7.4 | AU27: 5.2 | AW27: Nias | AX27: 26.36
A28: Mandailing Natal | B28: 93.68 | D28: MANDAILING NATAL | E28: 73.73 | G28: Mandailing Natal | H28: 0.515 | J28: MANDAILING NATAL | K28: 15 | M28: MANDAILING NATAL | N28: 50.09 | P28: Tapanuli Tengah | Q28: 6.99 | S28: Mandailing Natal | T28: 0.222 | V28: MANDAILING NATAL | W28: 46.89 | Y28: MANDAILING NATAL | Z28: 3.04 | AC28: Dairi | AD28: 20387329 | AE28: 28732548 | AF28: 23537878 | AI28: MANDAILING NATAL | AJ28: 30.54 | AL28: Mandailing Natal | AM28: 8.86 | AO28: Mandailing Natal | AP28: 61.62 | AQ28: 65.42 | AS28: Mandailing Natal | AT28: 8.91 | AU28: 8.84 | AW28: Mandailing Natal | AX28: 38.56
A29: Tapanuli Selatan | B29: 90.63 | D29: TAPANULI SELATAN | E29: 71.61 | G29: Tapanuli Selatan | H29: 0.514 | J29: TAPANULI SELATAN | K29: 11.43 | M29: TAPANULI SELATAN | N29: 51.23 | P29: Tapanuli Utara | Q29: 7.05 | S29: Tapanuli Selatan | T29: 0.164 | V29: TAPANULI SELATAN | W29: 50.48 | Y29: TAPANULI SELATAN | Z29: 2.77 | AC29: Deli Serdang | AD29: 220653714 | AE29: 65703506 | AF29: 8180777 | AI29: TAPANULI SELATAN | AJ29: 30.2 | AL29: Tapanuli Selatan | AM29: 7.01 | AO29: Tapanuli Selatan | AP29: 63.67 | AQ29: 67.54 | AS29: Tapanuli Selatan | AT29: 9.83 | AU29: 9.12 | AW29: Tapanuli Selatan | AX29: 42.97
A30: Tapanuli Tengah | B30: 95.23 | D30: TAPANULI TENGAH | E30: 76.81 | G30: Tapanuli Tengah | H30: 0.453 | J30: TAPANULI TENGAH | K30: 20 | M30: TAPANULI TENGAH | N30: 55.23 | P30: Toba Samosir | Q30: 6.91 | S30: Tapanuli Tengah | T30: 0.201 | V30: TAPANULI TENGAH | W30: 43.94 | Y30: TAPANULI TENGAH | Z30: 2.92 | AC30: Karo | AD30: 94122727 | AE30: 25800051 | AF30: 18805061 | AI30: TAPANULI TENGAH | AJ30: 29.78 | AL30: Tapanuli Tengah | AM30: 11.5 | AO30: Tapanuli Tengah | AP30: 65.95 | AQ30: 69.94 | AS30: Tapanuli Tengah | AT30: 9.18 | AU30: 8.69 | AW30: Tapanuli Tengah | AX30: 41.48
A31: Tapanuli Utara | B31: 97.75 | D31: TAPANULI UTARA | E31: 63.82 | G31: Tapanuli Utara | H31: 0.292 | J31: TAPANULI UTARA | K31: 5.71 | M31: TAPANULI UTARA | N31: 51.81 | P31: Labuhan Batu | Q31: 7.38 | S31: Tapanuli Utara | T31: 0.071 | V31: TAPANULI UTARA | W31: 49.18 | Y31: TAPANULI UTARA | Z31: 2.87 | AC31: Labuhan batu | AD31: 87312475 | AE31: 38631288 | AF31: 13849130 | AI31: TAPANULI UTARA | AJ31: 19.68 | AL31: Tapanuli Utara | AM31: 8.54 | AO31: Tapanuli Utara | AP31: 67.64 | AQ31: 71.59 | AS31: Tapanuli Utara | AT31: 10.34 | AU31: 9.93 | AW31: Tapanuli Utara | AX31: 58.5
A32: Toba Samosir / Toba | B32: 98.32 | D32: TOBA SAMOSIR | E32: 61.53 | G32: Toba Samosir | H32: 0.505 | J32: TOBA SAMOSIR | K32: 3.33 | M32: TOBA SAMOSIR | N32: 51.86 | P32: Asahan | Q32: 8.65 | S32: Toba Samosir | T32: 0.097 | V32: TOBA SAMOSIR | W32: 46.96 | Y32: TOBA SAMOSIR | Z32: 2.97 | AC32: Langkat | AD32: 152222047 | AE32: 74082586 | AF32: 17271768 | AI32: TOBA SAMOSIR | AJ32: 19.3 | AL32: Toba Samosir | AM32: 8.04 | AO32: Toba Samosir / Toba | AP32: 69.31 | AQ32: 73.27 | AS32: Toba Samosir / Toba | AT32: 10.79 | AU32: 10.46 | AW32: Toba Samosir / Toba | AX32: 62.03
... A60: SUMATERA BARAT | B60: 94.93 | D60: SUMATERA BARAT | E60: 65.34 | G60: SUMATERA BARAT | H60: 0.425 | J60: SUMATERA BARAT | K60: 10.94 | M60: SUMATERA BARAT | N60: 61.04 | P60: Solok | Q60: 6.83 | S60: SUMATERA BARAT | T60: 0.165 | V60: SUMATERA BARAT | W60: 37.55 | Y60: SUMATERA BARAT | Z60: 2.46 | AC60: Sumatera Barat | AD60: 238094588 | AE60: 38286764 | AF60: 36420845 | AI60: SUMATERA BARAT | AJ60: 19.19 | AL60: SUMATERA BARAT | AM60: 5.95 | AO60: SUMATERA BARAT | AP60: 68.27 | AQ60: 72.21 | AS60: SUMATERA BARAT | AT60: 9.2 | AU60: 9.37 | AW60: SUMATERA BARAT | AX60: 49.08
A61: Kepulauan Mentawai | B61: 89.57 | D61: KEPULAUAN MENTAWAI | E61: 48.5 | G61: Kepulauan Mentawai | H61: 0.851 | J61: KEPULAUAN MENTAWAI | K61: - | M61: KEPULAUAN MENTAWAI | N61: 52.34 | P61: Sijunjung | Q61: 5.88 | S61: Kepulauan Mentawai | T61: 0.335 | V61: KEPULAUAN MENTAWAI | W61: 31.23 | Y61: KEPULAUAN MENTAWAI | Z61: 2.8 | AC61: Lima Puluh Kota | AD61: 43419818 | AE61: 40068708 | AF61: 36623906 | AI61: KEPULAUAN MENTAWAI | AJ61: 31.93 | AL61: Kepulauan Mentawai | AM61: 13.72 | AO61: Kepulauan Mentawai | AP61: 63.22 | AQ61: 67.07 | AS61: Kepulauan Mentawai | AT61: 8.36 | AU61: 7.29 | AW61: Kepulauan Mentawai | AX61: 28.15
A62: Pesisir Selatan | B62: 95.57 | D62: PESISIR SELATAN | E62: 53.79 | G62: Pesisir Selatan | H62: 0.482 | J62: PESISIR SELATAN | K62: 6.67 | M62: PESISIR SELATAN | N62: 70.15 | P62: Tanah Datar | Q62: 9.54 | S62: Pesisir Selatan | T62: 0.202 | V62: PESISIR SELATAN | W62: 33.81 | Y62: PESISIR SELATAN | Z62: 2.56 | AC62: Agam | AD62: 45935381 | AE62: 14606555 | AF62: 23097206 | AI62: PESISIR SELATAN | AJ62: 21.3 | AL62: Pesisir Selatan | AM62: 7.34 | AO62: Pesisir Selatan | AP62: 69.58 | AQ62: 73.55 | AS62: Pesisir Selatan | AT62: 8.61 | AU62: 8.58 | AW62: Pesisir Selatan | AX62: 45.64
A63: Solok | B63: 96.17 | D63: SOLOK | E63: 59.38 | G63: Solok | H63: 0.423 | J63: SOLOK | K63: 8.57 | M63: SOLOK | N63: 69.87 | P63: Padang Pariaman | Q63: 7.41 | S63: Solok | T63: 0.195 | V63: SOLOK | W63: 39.46 | Y63: SOLOK | Z63: 2.39 | AC63: Kepulauan Mentawai | AD63: 67812544 | AE63: 29600531 | AF63: 88227005 | AI63: SOLOK | AJ63: 27.87 | AL63: Solok | AM63: 7.13 | AO63: Solok | AP63: 67.63 | AQ63: 71.58 | AS63: Solok | AT63: 7.93 | AU63: 7.9 | AW63: Solok | AX63: 37.1
A64: Sijunjung | B64: 94.28 | D64: SIJUNJUNG | E64: 61.72 | G64: Sijunjung | H64: 0.465 | J64: SIJUNJUNG | K64: 13.33 | M64: SIJUNJUNG | N64: 58.97 | P64: Agam | Q64: 9.86 | S64: Sijunjung | T64: 0.24 | V64: SIJUNJUNG | W64: 28.55 | Y64: SIJUNJUNG | Z64: 2.51 | AC64: Padang Pariaman | AD64: 66069660 | AE64: 38665531 | AF64: 43720571 | AI64: SIJUNJUNG | AJ64: 26.68 | AL64: Sijunjung | AM64: 5.88 | AO64: Sijunjung | AP64: 65.09 | AQ64: 69.04 | AS64: Sijunjung | AT64: 8.66 | AU64: 8.55 | AW64: Sijunjung | AX64: 43.87
A65: Tanah Datar | B65: 97.73 | D65: TANAH DATAR | E65: 59.46 | G65: Tanah Datar | H65: 0.336 | J65: TANAH DATAR | K65: 8.57 | M65: TANAH DATAR | N65: 62.19 | P65: Lima Puluh Kota | Q65: 6.85 | S65: Tanah Datar | T65: 0.141 | V65: TANAH DATAR | W65: 35.54 | Y65: TANAH DATAR | Z65: 2.41 | AC65: Pasaman | AD65: 79882201 | AE65: 40837808 | AF65: 28385395 | AI65: TANAH DATAR | AJ65: 19.05 | AL65: Tanah Datar | AM65: 4.16 | AO65: Tanah Datar | AP65: 68.92 | AQ65: 72.86 | AS65: Tanah Datar | AT65: 8.78 | AU65: 9.22 | AW65: Tanah Datar | AX65: 46.7
A66: Padang Pariaman | B66: 93.32 | D66: PADANG PARIAMAN | E66: 47.79 | G66: Padang Pariaman | H66: 0.751 | J66: PADANG PARIAMAN | K66: - | M66: PADANG PARIAMAN | N66: 60.06 | P66: Pasaman | Q66: 8.67 | S66: Padang Pariaman | T66: 0.067 | V66: PADANG PARIAMAN | W66: 31.2 | Y66: PADANG PARIAMAN | Z66: 2.54 | AC66: Pesisir Selatan | AD66: 101903411 | AE66: 28706509 | AF66: 62836588 | AI66: PADANG PARIAMAN | AJ66: 19.05 | AL66: Padang Pariaman | AM66: 6.34 | AO66: Padang Pariaman | AP66: 67.77 | AQ66: 71.72 | AS66: Padang Pariaman | AT66: 8.7 | AU66: 8.11 | AW66: Padang Pariaman | AX66: 40.36
A67: Agam | B67: 97.19 | D67: AGAM | E67: 64.43 | G67: Agam | H67: 0.162 | J67: AGAM | K67: 8.89 | M67: AGAM | N67: 57.14 | P67: Solok Selatan | Q67: 8.01 | S67: Agam | T67: 0.07 | V67: AGAM | W67: 39.72 | Y67: AGAM | Z67: 2.55 | AC67: Sijunjung | AD67: 36681640 | AE67: 34450311 | AF67: 36994977 | AI67: AGAM | AJ67: 17.65 | AL67: Agam | AM67: 6.6 | AO67: Agam | AP67: 71.15 | AQ67: 75.41 | AS67: Agam | AT67: 9.09 | AU67: 9.33 | AW67: Agam | AX67: 49.9
A68: Lima Puluh Kota | B68: 94.77 | D68: LIMA PULUH KOTA | E68: 49.4 | G68: Lima Puluh Kota | H68: 0.492 | J68: LIMA PULUH KOTA | K68: 5.71 | M68: LIMA PULUH KOTA | N68: 67.2 | P68: Dharmas raya | Q68: 6.25 | S68: Lima Puluh Kota | T68: 0.207 | V68: LIMA PULUH KOTA | W68: 28.65 | Y68: LIMA PULUH KOTA | Z68: 2.45 | AC68: Solok | AD68: 46266210 | AE68: 37239378 | AF68: 35312522 | AI68: LIMA PULUH KOTA | AJ68: 22.55 | AL68: Lima Puluh Kota | AM68: 6.8 | AO68: Lima Puluh Kota | AP68: 68.38 | AQ68: 72.31 | AS68: Lima Puluh Kota | AT68: 8.45 | AU68: 8.11 | AW68: Lima Puluh Kota | AX68: 38.45
A69: Pasaman | B69: 92.7 | D69: PASAMAN | E69: 61.01 | G69: Pasaman | H69: 0.527 | J69: PASAMAN | K69: 8.57 | M69: PASAMAN | N69: 69.21 | P69: Pasaman Barat | Q69: 7.21 | S69: Pasaman | T69: 0.217 | V69: PASAMAN | W69: 40.41 | Y69: PASAMAN | Z69: 2.6 | AC69: Tanah Datar | AD69: 18790978 | AE69: 23950156 | AF69: 35128885 | AI69: PASAMAN | AJ69: 29.59 | AL69: Pasaman | AM69: 6.8 | AO69: Pasaman | AP69: 66.34 | AQ69: 70.33 | AS69: Pasaman | AT69: 8.39 | AU69: 8.05 | AW69: Pasaman | AX69: 34.96
A70: Solok Selatan | B70: 95.27 | D70: SOLOK SELATAN | E70: 48.7 | G70: Solok Selatan | H70: 0.811 | J70: SOLOK SELATAN | K70: - | M70: SOLOK SELATAN | N70: 66.95 | P70: Kota Padang | Q70: 6.52 | S70: Solok Selatan | T70: 0.242 | V70: SOLOK SELATAN | W70: 37.79 | Y70: SOLOK SELATAN | Z70: 2.6 | AC70: Kota BukitTinggi | AD70: 16976382 | AE70: 8047733 | AF70: 2633531 | AI70: SOLOK SELATAN | AJ70: 28.79 | AL70: Solok Selatan | AM70: 6.45 | AO70: Solok Selatan | AP70: 66.77 | AQ70: 70.74 | AS70: Solok Selatan | AT70: 8.67 | AU70: 8.72 | AW70: Solok Selatan | AX70: 40.68
A71: Dharmas raya | B71: 89.11 | D71: DHARMAS RAYA | E71: 51.83 | G71: Dharmas raya | H71: 0.539 | J71: DHARMAS RAYA | K71: 6.67 | M71: DHARMAS RAYA | N71: 60.3 | P71: Kota Solok | Q71: 6.71 | S71: Dharmas raya | T71: 0.333 | V71: DHARMAS RAYA | W71: 26.87 | Y71: DHARMAS RAYA | Z71: 2.4 | AC71: Kota Padang Panjang | AD71: 14146553 | AE71: 6676349 | AF71: 5041919 | AI71: DHARMAS RAYA | AJ71: 21.25 | AL71: DHARMAS RAYA | AM71: 5.56 | AO71: DHARMAS RAYA | AP71: 70.29 | AQ71: 74.3 | AS71: DHARMAS RAYA | AT71: 8.95 | AU71: 8.7 | AW71: Dharmasraya | AX71: 44.32
A72: Pasaman Barat | B72: 90.05 | D72: PASAMAN BARAT | E72: 61.04 | G72: Pasaman Barat | H72: 0.494 | J72: PASAMAN BARAT | K72: 7.5 | M72: PASAMAN BARAT | N72: 60.17 | P72: Kota Sawah Lunto | Q72: 8.76 | S72: Pasaman Barat | T72: 0.207 | V72: PASAMAN BARAT | W72: 37.07 | Y72: PASAMAN BARAT | Z72: 2.51 | AC72: Kota Padang | AD72: 36145903 | AE72: 21549408 | AF72: 22430645 | AI72: PASAMAN BARAT | AJ72: 27.06 | AL72: Pasaman Barat | AM72: 6.92 | AO72: Pasaman Barat | AP72: 66.59 | AQ72: 70.56 | AS72: Pasaman Barat | AT72: 8.96 | AU72: 8.63 | AW72: Pasaman Barat | AX72: 42.75
A73: Kota Padang | B73: 93.94 | D73: KOTA PADANG | E73: 68.27 | G73: Kota Padang | H73: 0.198 | J73: KOTA PADANG | K73: 13.95 | M73: KOTA PADANG | N73: 54.29 | P73: Kota Padang Panjang | Q73: 6.81 | S73: Kota Padang | T73: 0.092 | V73: KOTA PADANG | W73: 35.21 | Y73: KOTA PADANG | Z73: 2.27 | AC73: Kota Payakumbuh | AD73: 17340476 | AE73: 7596246 | AF73: 3289499 | AI73: KOTA PADANG | AJ73: 14.65 | AL73: Kota Padang | AM73: 4.17 | AO73: Kota Padang | AP73: 72.39 | AQ73: 76.09 | AS73: Kota Padang | AT73: 11.71 | AU73: 11.56 | AW73: Kota Padang | AX73: 67.93
A74: Kota Solok | B74: 96.64 | D74: KOTA SOLOK | E74: 64.23 | G74: Kota Solok | H74: 0.182 | J74: KOTA SOLOK | K74: 10 | M74: KOTA SOLOK | N74: 56.55 | P74: Kota Bukittinggi | Q74: 6.21 | S74: Kota Solok | T74: 0.109 | V74: KOTA SOLOK | W74: 36.53 | Y74: KOTA SOLOK | Z74: 2.45 | AC74: Kota Sawah lunto | AD74: 10068172 | AE74: 11517148 | AF74: 18943815 | AI74: KOTA SOLOK | AJ74: 17.25 | AL74: Kota Solok | AM74: 3.05 | AO74: Kota Solok | AP74: 72.62 | AQ74: 76.31 | AS74: Kota Solok | AT74: 11.24 | AU74: 11.52 | AW74: Kota Solok | AX74: 65.9
A75: Kota Sawah Lunto | B75: 95.36 | D75: KOTA SAWAH LUNTO | E75: 62.55 | G75: Kota Sawah Lunto | H75: 0.199 | J75: KOTA SAWAH LUNTO | K75: 20 | M75: KOTA SAWAH LUNTO | N75: 69.23 | P75: Kota Payakumbuh | Q75: 6.51 | S75: Kota Sawah Lunto | T75: 0.133 | V75: KOTA SAWAH LUNTO | W75: 28.43 | Y75: KOTA SAWAH LUNTO | Z75: 2.41 | AC75: Kota Solok | AD75: 14230994 | AE75: 6726693 | AF75: 4604489 | AI75: KOTA SAWAH LUNTO | AJ75: 22.31 | AL75: Kota Sawah Lunto | AM75: 2.27 | AO75: Kota Sawah Lunto | AP75: 68.77 | AQ75: 72.71 | AS75: Kota Sawah Lunto | AT75: 10.4 | AU75: 10.59 | AW75: Kota Sawah Lunto | AX75: 54.7
A76: Kota Padang Panjang | B76: 98.19 | D76: KOTA PADANG PANJANG | E76: 67.58 | G76: Kota Padang Panjang | H76: 0.135 | J76: KOTA PADANG PANJANG | K76: 10 | M76: KOTA PADANG PANJANG | N76: 59.27 | P76: Kota Pariaman | Q76: 8.38 | S76: Kota Padang Panjang | T76: 0.053 | V76: KOTA PADANG PANJANG | W76: 46.8 | Y76: KOTA PADANG PANJANG | Z76: 2.51 | AC76: Kota Pariaman | AD76: 13938176 | AE76: 14346073 | AF76: 4760344 | AI76: KOTA PADANG PANJANG | AJ76: 17.47 | AL76: Kota Padang Panjang | AM76: 5.24 | AO76: Kota Padang Panjang | AP76: 71.16 | AQ76: 75.41 | AS76: Kota Padang Panjang | AT76: 11.56 | AU76: 12.18 | AW76: Kota Padang Panjang | AX76: 76.54
A77: Kota Bukittinggi | B77: 99.17 | D77: KOTA BUKITTINGGI | E77: 60.96 | G77: Kota Bukittinggi | H77: 0.159 | J77: KOTA BUKITTINGGI | K77: 8 | M77: KOTA BUKITTINGGI | N77: 67.29 | P77: Kuantan Singingi | Q77: 13.75 | S77: Kota Bukittinggi | T77: 0.066 | V77: KOTA BUKITTINGGI | W77: 39.61 | Y77: KOTA BUKITTINGGI | Z77: 2.36 | AC77: Pasaman Barat | AD77: 95838317 | AE77: 37040842 | AF77: 17015386 | AI77: KOTA BUKITTINGGI | AJ77: 14.05 | AL77: Kota Bukittinggi | AM77: 4.11 | AO77: Kota Bukittinggi | AP77: 73.39 | AQ77: 77.02 | AS77: Kota Bukittinggi | AT77: 11.46 | AU77: 11.64 | AW77: Kota Bukittinggi | AX77: 71.3
A78: Kota Payakumbuh | B78: 98.58 | D78: KOTA PAYAKUMBUH | E78: 71.09 | G78: Kota Payakumbuh | H78: 0.153 | J78: KOTA PAYAKUMBUH | K78: 16 | M78: KOTA PAYAKUMBUH | N78: 59.34 | P78: Indragiri Hulu | Q78: 12.31 | S78: Kota Payakumbuh | T78: 0.129 | V78: KOTA PAYAKUMBUH | W78: 38.71 | Y78: KOTA PAYAKUMBUH | Z78: 2.4 | AC78: Dharmas raya | AD78: 33343800 | AE78: 16365536 | AF78: 26864203 | AI78: KOTA PAYAKUMBUH | AJ78: 16.21 | AL78: Kota Payakumbuh | AM78: 5.44 | AO78: Kota Payakumbuh | AP78: 72.67 | AQ78: 76.35 | AS78: Kota Payakumbuh | AT78: 10.61 | AU78: 11.06 | AW78: Kota Payakumbuh | AX78: 65.38
A79: Kota Pariaman | B79: 98.07 | D79: KOTA PARIAMAN | E79: 53.91 | G79: Kota Pariaman | H79: 0.374 | J79: KOTA PARIAMAN | K79: 5 | M79: KOTA PARIAMAN | N79: 60.79 | P79: Indragiri Hilir | Q79: 17.06 | S79: Kota Pariaman | T79: 0.06 | V79: KOTA PARIAMAN | W79: 32.39 | Y79: KOTA PARIAMAN | Z79: 2.43 | AC79: Solok Selatan | AD79: 50103946 | AE79: 22358356 | AF79: 47183536 | AI79: KOTA PARIAMAN | AJ79: 18.6 | AL79: Kota Pariaman | AM79: 4.2 | AO79: Kota Pariaman | AP79: 69.02 | AQ79: 72.97 | AS79: Kota Pariaman | AT79: 10.7 | AU79: 10.9 | AW79: Kota Pariaman | AX79: 60.72
A80: RIAU | B80: 88.98 | D80: RIAU | E80: 72.29 | G80: RIAU | H80: 0.458 | J80: RIAU | K80: 23.08 | M80: RIAU | N80: 49.41 | P80: Pelalawan | Q80: 10.96 | S80: RIAU | T80: 0.213 | V80: RIAU | W80: 27.95 | Y80: RIAU | Z80: 2.28 | AC80: Riau | AD80: 186128975 | AE80: 14472679 | AF80: 42411995 | AI80: RIAU | AJ80: 18.24 | AL80: RIAU | AM80: 6.68 | AO80: RIAU | AP80: 70.28 | AQ80: 74.29 | AS80: RIAU | AT80: 9.47 | AU80: 9.2 | AW80: RIAU | AX80: 43.27
A81: Kuantan Singingi | B81: 90.47 | D81: KUANTAN SINGINGI | E81: 61.81 | G81: Kuantan Singingi | H81: 0.537 | J81: KUANTAN SINGINGI | K81: 5.88 | M81: KUANTAN SINGINGI | N81: 48.29 | P81: Siak | Q81: 10.33 | S81: Kuantan Singingi | T81: 0.249 | V81: KUANTAN SINGINGI | W81: 36.34 | Y81: KUANTAN SINGINGI | Z81: 2.27 | AC81: Bengkalis | AD81: 45166025 | AE81: 13140355 | AF81: 6236341 | AI81: KUANTAN SINGINGI | AJ81: 23.06 | AL81: Kuantan Singingi | AM81: 8.07 | AO81: Kuantan Singingi | AP81: 67.19 | AQ81: 71.16 | AS81: Kuantan Singingi | AT81: 9.16 | AU81: 8.63 | AW81: Kuantan Singingi | AX81: 37.9
A82: Indragiri Hulu | B82: 87.07 | D82: INDRAGIRI HULU | E82: 56.27 | G82: Indragiri Hulu | H82: 0.573 | J82: INDRAGIRI HULU | K82: 5 | M82: INDRAGIRI HULU | N82: 51.13 | P82: Kampar | Q82: 12.01 | S82: Indragiri Hulu | T82: 0.297 | V82: INDRAGIRI HULU | W82: 29.02 | Y82: INDRAGIRI HULU | Z82: 2.24 | AC82: Indragiri Hilir | AD82: 114280972 | AE82: 55635661 | AF82: 31488136 | AI82: INDRAGIRI HULU | AJ82: 22.7 | AL82: Indragiri Hulu | AM82: 6.06 | AO82: Indragiri Hulu | AP82: 68.77 | AQ82: 72.71 | AS82: Indragiri Hulu | AT82: 8.64 | AU82: 8.19 | AW82: Indragiri Hulu | AX82: 37.91
... A103: Kota Jambi | B103: 95.01 | D103: KOTA JAMBI | E103: 68.71 | G103: Kota Jambi | H103: 0.326 | J103: KOTA JAMBI | K103: 17.78 | M103: KOTA JAMBI | N103: 46.95 | P103: Lahat | Q103: 5.41 | S103: Kota Jambi | T103: 0.08 | V103: KOTA JAMBI | W103: 29.82 | Y103: KOTA JAMBI | Z103: 2.08 | AC103: Kota Jambi | AD103: 47543501 | AE103: 14319411 | AF103: 2838700 | AI103: KOTA JAMBI | AJ103: 15.09 | AL103: Kota Jambi | AM103: 8.24 | AO103: Kota Jambi | AP103: 71.19 | AQ103: 75.49 | AS103: Kota Jambi | AT103: 11.53 | AU103: 11.12 | AW103: Kota Jambi | AX103: 61.85
A104: Kota Sungai Penuh | B104: 94.54 | D104: KOTA SUNGAI PENUH | E104: 52.51 | G104: Kota Sungai Penuh | H104: 0.758 | J104: KOTA SUNGAI PENUH | K104: - | M104: KOTA SUNGAI PENUH | N104: 58.17 | P104: Musi Rawas | Q104: 8.12 | S104: Kota Sungai Penuh | T104: 0.207 | V104: KOTA SUNGAI PENUH | W104: 35.03 | Y104: KOTA SUNGAI PENUH | Z104: 2.19 | AC104: Kota Sungai Penuh | AD104: 30756248 | AE104: 15805206 | AF104: 7432666 | AI104: KOTA SUNGAI PENUH | AJ104: 19.82 | AL104: Kota Sungai Penuh | AM104: 3 | AO104: Kota Sungai Penuh | AP104: 70.89 | AQ104: 74.92 | AS104: Kota Sungai Penuh | AT104: 11.15 | AU104: 10.21 | AW104: Kota Sungai Penuh | AX104: 52.15
A105: SUMATERA SELATAN | B105: 93.25 | D105: SUMATERA SELATAN | E105: 76.58 | G105: SUMATERA SELATAN | H105: 0.496 | J105: SUMATERA SELATAN | K105: 24 | M105: SUMATERA SELATAN | N105: 54.24 | P105: Musi Banyuasin | Q105: 4.58 | S105: SUMATERA SELATAN | T105: 0.304 | V105: SUMATERA SELATAN | W105: 34.4 | Y105: SUMATERA SELATAN | Z105: 2.23 | AC105: Sumatera Selatan | AD105: 207474049 | AE105: 16926930 | AF105: 10337985 | AI105: SUMATERA SELATAN | AJ105: 19.62 | AL105: SUMATERA SELATAN | AM105: 11.78 | AO105: SUMATERA SELATAN | AP105: 68.74 | AQ105: 72.68 | AS105: SUMATERA SELATAN | AT105: 8.67 | AU105: 8.33 | AW105: SUMATERA SELATAN | AX105: 36.91
A106: Ogan Komering Ulu | B106: 94.34 | D106: OGAN KOMERING ULU | E106: 52.45 | G106: Ogan Komering Ulu | H106: 0.533 | J106: OGAN KOMERING ULU | K106: 8.57 | M106: OGAN KOMERING ULU | N106: 61.7 | P106: Banyu Asin | Q106: 4.48 | S106: Ogan Komering Ulu | T106: 0.344 | V106: OGAN KOMERING ULU | W106: 24.41 | Y106: OGAN KOMERING ULU | Z106: 2.31 | AC106: Lahat | AD106: 58428866 | AE106: 48601829 | AF106: 27410877 | AI106: OGAN KOMERING ULU | AJ106: 22 | AL106: Ogan Komering Ulu | AM106: 11.46 | AO106: Ogan Komering Ulu | AP106: 66.91 | AQ106: 70.88 | AS106: Ogan Komering Ulu | AT106: 8.96 | AU106: 8.73 | AW106: Ogan Komering Ulu | AX106: 42.52
A107: Ogan Komering Ilir | B107: 92.35 | D107: OGAN KOMERING ILIR | E107: 61.87 | G107: Ogan Komering Ilir | H107: 0.527 | J107: OGAN KOMERING ILIR | K107: 15.56 | M107: OGAN KOMERING ILIR | N107: 51.65 | P107: Ogan Komering Ulu Selatan | Q107: 10.47 | S107: Ogan Komering Ilir | T107: 0.348 | V107: OGAN KOMERING ILIR | W107: 25.37 | Y107: OGAN KOMERING ILIR | Z107: 2.28 | AC107: Musi Banyuasin | AD107: 63346751 | AE107: 22405130 | AF107: 8512713 | AI107: OGAN KOMERING ILIR | AJ107: 19.24 | AL107: Ogan Komering Ilir | AM107: 13.15 | AO107: Ogan Komering Ilir | AP107: 67.38 | AQ107: 71.34 | AS107: Ogan Komering Ilir | AT107: 7.5 | AU107: 6.79 | AW107: Ogan Komering Ilir | AX107: 20.61
A108: Muara Enim | B108: 89.82 | D108: MUARA ENIM | E108: 69.66 | G108: Muara Enim | H108: 0.569 | J108: MUARA ENIM | K108: 15.56 | M108: MUARA ENIM | N108: 55.58 | P108: Ogan Komering Ulu Timur | Q108: 8.4 | S108: Muara Enim | T108: 0.363 | V108: MUARA ENIM | W108: 36.52 | Y108: MUARA ENIM | Z108: 2.24 | AC108: Musi Rawas | AD108: 72896702 | AE108: 33108961 | AF108: 25567872 | AI108: MUARA ENIM | AJ108: 18.95 | AL108: Muara Enim | AM108: 10.93 | AO108: Muara Enim | AP108: 67.79 | AQ108: 71.74 | AS108: Muara Enim | AT108: 8.65 | AU108: 7.57 | AW108: Muara Enim | AX108: 31.64
A109: Lahat | B109: 94.76 | D109: LAHAT | E109: 69.3 | G109: Lahat | H109: 0.489 | J109: LAHAT | K109: 15 | M109: LAHAT | N109: 56.69 | P109: Ogan Ilir | Q109: 8.55 | S109: Lahat | T109: 0.265 | V109: LAHAT | W109: 36.9 | Y109: LAHAT | Z109: 2.28 | AC109: Muara Enim | AD109: 85840401 | AE109: 35399055 | AF109: 11646389 | AI109: LAHAT | AJ109: 23.41 | AL109: Lahat | AM109: 15 | AO109: Lahat | AP109: 64.96 | AQ109: 68.89 | AS109: Lahat | AT109: 8.93 | AU109: 8.31 | AW109: Lahat | AX109: 38.19
A110: Musi Rawas | B110: 86.55 | D110: MUSI RAWAS | E110: 65.44 | G110: Musi Rawas | H110: 0.543 | J110: MUSI RAWAS | K110: 20 | M110: MUSI RAWAS | N110: 56.8 | P110: Empat Lawang | Q110: 12.35 | S110: Musi Rawas | T110: 0.391 | V110: MUSI RAWAS | W110: 25.68 | Y110: MUSI RAWAS | Z110: 2.26 | AC110: Ogan Komering Ilir | AD110: 146323713 | AE110: 56299180 | AF110: 36442120 | AI110: MUSI RAWAS | AJ110: 21.22 | AL110: Musi Rawas | AM110: 14.13 | AO110: Musi Rawas | AP110: 67.01 | AQ110: 70.98 | AS110: Musi Rawas | AT110: 7.87 | AU110: 7.41 | AW110: Musi Rawas | AX110: 28.04
A111: Musi Banyuasin | B111: 83.48 | D111: MUSI BANYUASIN | E111: 61.78 | G111: Musi Banyuasin | H111: 0.582 | J111: MUSI BANYUASIN | K111: 8.89 | M111: MUSI BANYUASIN | N111: 60.33 | P111: Penukal Abab Lematang Ilir | Q111: 8.28 | S111: Musi Banyuasin | T111: 0.371 | V111: MUSI BANYUASIN | W111: 35.74 | Y111: MUSI BANYUASIN | Z111: 2.31 | AC111: Ogan Komering Ulu | AD111: 78983637 | AE111: 33901802 | AF111: 22638546 | AI111: MUSI BANYUASIN | AJ111: 19.55 | AL111: Musi Banyuasin | AM111: 14.9 | AO111: Musi Banyuasin | AP111: 67.58 | AQ111: 71.54 | AS111: Musi Banyuasin | AT111: 7.93 | AU111: 7.43 | AW111: Musi Banyuasin | AX111: 27.23
A112: Banyu Asin | B112: 89.54 | D112: BANYU ASIN | E112: 57.73 | G112: Banyu Asin | H112: 0.591 | J112: BANYU ASIN | K112: 8.89 | M112: BANYU ASIN | N112: 58.41 | P112: Musi Rawas Utara | Q112: 7.49 | S112: Banyu Asin | T112: 0.295 | V112: BANYU ASIN | W112: 29.4 | Y112: BANYU ASIN | Z112: 2.23 | AC112: Kota Palembang | AD112: 46534088 | AE112: 58192689 | AF112: 2771277 | AI112: BANYU ASIN | AJ112: 18.74 | AL112: Banyu Asin | AM112: 9.58 | AO112: Banyu Asin | AP112: 67.83 | AQ112: 71.78 | AS112: Banyu Asin | AT112: 7.91 | AU112: 7.11 | AW112: Banyu Asin | AX112: 25.77
A113: Ogan Komering Ulu Selatan | B113: 92.46 | D113: OGAN KOMERING ULU SELATAN | E113: 57.8 | G113: Ogan Komering Ulu Selatan | H113: 0.59 | J113: OGAN KOMERING ULU SELATAN | K113: 12.5 | M113: OGAN KOMERING ULU SELATAN | N113: 51.93 | P113: Kota Palembang | Q113: 4.59 | S113: Ogan Komering Ulu Selatan | T113: 0.357 | V113: OGAN KOMERING ULU SELATAN | W113: 22.97 | Y113: OGAN KOMERING ULU SELATAN | Z113: 2.27 | AC113: Kota Prabumulih | AD113: 14293107 | AE113: 15225883 | AF113: 3578528 | AI113: OGAN KOMERING ULU SELATAN | AJ113: 22.85 | AL113: Ogan Komering Ulu Selatan | AM113: 10.36 | AO113: Ogan Komering Ulu Selatan | AP113: 65.94 | AQ113: 69.92 | AS113: Ogan Komering Ulu Selatan | AT113: 8.22 | AU113: 7.93 | AW113: Ogan Komering Ulu Selatan | AX113: 26.81
A114: Ogan Komering Ulu Timur | B114: 94.59 | D114: OGAN KOMERING ULU TIMUR | E114: 56.77 | G114: Ogan Komering Ulu Timur | H114: 0.535 | J114: OGAN KOMERING ULU TIMUR | K114: 6.67 | M114: OGAN KOMERING ULU TIMUR | N114: 52.48 | P114: Kota Prabumulih | Q114: 8.09 | S114: Ogan Komering Ulu Timur | T114: 0.324 | V114: OGAN KOMERING ULU TIMUR | W114: 29.5 | Y114: OGAN KOMERING ULU TIMUR | Z114: 2.2 | AC114: Kota Pagar Alam | AD114: 39309849 | AE114: 27464395 | AF114: 18606866 | AI114: OGAN KOMERING ULU TIMUR | AJ114: 18.16 | AL114: Ogan Komering Ulu Timur | AM114: 9.99 | AO114: Ogan Komering Ulu Timur | AP114: 67.85 | AQ114: 71.8 | AS114: Ogan Komering Ulu Timur | AT114: 8.21 | AU114: 7.71 | AW114: Ogan Komering Ulu Timur | AX114: 31.77
A115: Ogan Ilir | B115: 98.93 | D115: OGAN ILIR | E115: 61.8 | G115: Ogan Ilir | H115: 0.536 | J115: OGAN ILIR | K115: 15 | M115: OGAN ILIR | N115: 56.49 | P115: Kota Pagar Alam | Q115: 10.23 | S115: Ogan Ilir | T115: 0.312 | V115: OGAN ILIR | W115: 27.45 | Y115: OGAN ILIR | Z115: 2.23 | AC115: Kota LubukLinggau | AD115: 66359090 | AE115: 26327149 | AF115: 2558829 | AI115: OGAN ILIR | AJ115: 24.39 | AL115: Ogan Ilir | AM115: 13.28 | AO115: Ogan Ilir | AP115: 64.43 | AQ115: 68.33 | AS115: Ogan Ilir | AT115: 8.39 | AU115: 7.87 | AW115: Ogan Ilir | AX115: 28.55
A116: Empat Lawang | B116: 93.69 | D116: EMPAT LAWANG | E116: 58.39 | G116: Empat Lawang | H116: 0.599 | J116: EMPAT LAWANG | K116: 5.71 | M116: EMPAT LAWANG | N116: 51.94 | P116: Kota Lubuklinggau | Q116: 7.84 | S116: Empat Lawang | T116: 0.365 | V116: EMPAT LAWANG | W116: 35.19 | Y116: EMPAT LAWANG | Z116: 2.34 | AC116: Banyu asin | AD116: 139321881 | AE116: 54818740 | AF116: 19155553 | AI116: EMPAT LAWANG | AJ116: 34.05 | AL116: Empat Lawang | AM116: 11.8 | AO116: Empat Lawang | AP116: 63.84 | AQ116: 67.72 | AS116: Empat Lawang | AT116: 8.17 | AU116: 7.51 | AW116: Empat Lawang | AX116: 28.34
A117: Penukal Abab Lematang Ilir | B117: 93.71 | D117: PENUKAL ABAB LEMATANG ILIR | E117: 51.22 | G117: Penukal Abab Lematang Ilir | H117: 0.842 | J117: PENUKAL ABAB LEMATANG ILIR | K117: - | M117: PENUKAL ABAB LEMATANG ILIR | N117: 59.94 | P117: Bengkulu Selatan | Q117: 9.16 | S117: Penukal Abab Lematang Ilir | T117: 0.436 | V117: PENUKAL ABAB LEMATANG ILIR | W117: 38.02 | Y117: PENUKAL ABAB LEMATANG ILIR | Z117: 2.29 | AC117: Ogan Ilir | AD117: 84750222 | AE117: 44626392 | AF117: 16588674 | AI117: PENUKAL ABAB LEMATANG ILIR | AJ117: 20.33 | AL117: Penukal Abab Lematang Ilir | AM117: 10.91 | AO117: Penukal Abab Lematang Ilir | AP117: 67.03 | AQ117: 71 | AS117: Penukal Abab Lematang Ilir | AT117: 7.6 | AU117: 6.71 | AW117: Penukal Abab Lematang Ilir | AX117: 29.12
A118: Musi Rawas Utara | B118: 92.96 | D118: MUSI RAWAS UTARA | E118: 49.21 | G118: Musi Rawas Utara | H118: 0.662 | J118: MUSI RAWAS UTARA | K118: 4 | M118: MUSI RAWAS UTARA | N118: 53.24 | P118: Rejang Lebong | Q118: 11.66 | S118: Musi Rawas Utara | T118: 0.421 | V118: MUSI RAWAS UTARA | W118: 26.08 | Y118: MUSI RAWAS UTARA | Z118: 2.28 | AC118: Ogan Komering Ulu Timur | AD118: 25994573 | AE118: 47198158 | AF118: 10627457 | AI118: MUSI RAWAS UTARA | AJ118: 24.33 | AL118: Musi Rawas Utara | AM118: 18.26 | AO118: Musi Rawas Utara | AP118: 64.46 | AQ118: 68.37 | AS118: Musi Rawas Utara | AT118: 8.03 | AU118: 7.04 | AW118: Musi Rawas Utara | AX118: 22.46
A119: Kota Palembang | B119: 96.52 | D119: KOTA PALEMBANG | E119: 62.15 | G119: Kota Palembang | H119: 0.324 | J119: KOTA PALEMBANG | K119: 12 | M119: KOTA PALEMBANG | N119: 49.24 | P119: Bengkulu Utara | Q119: 7.49 | S119: Kota Palembang | T119: 0.148 | V119: KOTA PALEMBANG | W119: 29.29 | Y119: KOTA PALEMBANG | Z119: 2.1 | AC119: Ogan Komering Ulu Selatan | AD119: 74109540 | AE119: 47765745 | AF119: 19871482 | AI119: KOTA PALEMBANG | AJ119: 15.4 | AL119: Kota Palembang | AM119: 10.22 | AO119: Kota Palembang | AP119: 70.04 | AQ119: 74.04 | AS119: Kota Palembang | AT119: 11.07 | AU119: 10.68 | AW119: Kota Palembang | AX119: 61.9
A120: Kota Prabumulih | B120: 93.72 | D120: KOTA PRABUMULIH | E120: 58.39 | G120: Kota Prabumulih | H120: 0.337 | J120: KOTA PRABUMULIH | K120: 16 | M120: KOTA PRABUMULIH | N120: 63.37 | P120: Kaur | Q120: 9.52 | S120: Kota Prabumulih | T120: 0.238 | V120: KOTA PRABUMULIH | W120: 24.97 | Y120: KOTA PRABUMULIH | Z120: 2.2 | AC120: Empat Lawang | AD120: 41572968 | AE120: 32840694 | AF120: 23679575 | AI120: KOTA PRABUMULIH | AJ120: 17.94 | AL120: Kota Prabumulih | AM120: 11.23 | AO120: Kota Prabumulih | AP120: 69.33 | AQ120: 73.3 | AS120: Kota Prabumulih | AT120: 10.64 | AU120: 10.02 | AW120: Kota Prabumulih | AX120: 56.69
A121: Kota Pagar Alam | B121: 95.01 | D121: KOTA PAGAR ALAM | E121: 57.43 | G121: Kota Pagar Alam | H121: 0.471 | J121: KOTA PAGAR ALAM | K121: 16 | M121: KOTA PAGAR ALAM | N121: 59.14 | P121: Seluma | Q121: 9.06 | S121: Kota Pagar Alam | T121: 0.257 | V121: KOTA PAGAR ALAM | W121: 21.82 | Y121: KOTA PAGAR ALAM | Z121: 2.3 | AC121: Penukal Abab Lematang ilir | AD121: 46226769 | AE121: 16286681 | AF121: 6239875 | AI121: KOTA PAGAR ALAM | AJ121: 24.71 | AL121: Kota Pagar Alam | AM121: 8.88 | AO121: Kota Pagar Alam | AP121: 65.76 | AQ121: 69.74 | AS121: Kota Pagar Alam | AT121: 9.57 | AU121: 9.37 | AW121: Kota Pagar Alam | AX121: 45.06
A122: Kota Lubuklinggau | B122: 95.47 | D122: KOTA LUBUKLINGGAU | E122: 65.59 | G122: Kota Lubuklinggau | H122: 0.352 | J122: KOTA LUBUKLINGGAU | K122: 20 | M122: KOTA LUBUKLINGGAU | N122: 56.27 | P122: Mukomuko | Q122: 4.86 | S122: Kota Lubuklinggau | T122: 0.288 | V122: KOTA LUBUKLINGGAU | W122: 27.05 | Y122: KOTA LUBUKLINGGAU | Z122: 2.23 | AC122: Musi Rawas Utara | AD122: 53535758 | AE122: 28092116 | AF122: 13192304 | AI122: KOTA LUBUKLINGGAU | AJ122: 17.79 | AL122: Kota Lubuklinggau | AM122: 12.65 | AO122: Kota Lubuklinggau | AP122: 68.33 | AQ122: 72.27 | AS122: Kota Lubuklinggau | AT122: 10.31 | AU122: 9.68 | AW122: Kota Lubuklinggau | AX122: 44.09
A123: BENGKULU | B123: 91.57 | D123: BENGKULU | E123: 70.06 | G123: BENGKULU | H123: 0.469 | J123: BENGKULU | K123: 15.56 | M123: BENGKULU | N123: 52.4 | P123: Lebong | Q123: 9.94 | S123: BENGKULU | T123: 0.316 | V123: BENGKULU | W123: 34.92 | Y123: BENGKULU | Z123: 2.3 | AC123: Bengkulu | AD123: 142508973 | AE123: 22067575 | AF123: 58985230 | AI123: BENGKULU | AJ123: 23.38 | AL123: BENGKULU | AM123: 14.04 | AO123: BENGKULU | AP123: 67.99 | AQ123: 71.94 | AS123: BENGKULU | AT123: 9.25 | AU123: 8.8 | AW123: BENGKULU | AX123: 40.07
A124: Bengkulu Selatan | B124: 94.74 | D124: BENGKULU SELATAN | E124: 55.87 | G124: Bengkulu Selatan | H124: 0.784 | J124: BENGKULU SELATAN | K124: - | M124: BENGKULU SELATAN | N124: 49.38 | P124: Kepahiang | Q124: 13.17 | S124: Bengkulu Selatan | T124: 0.344 | V124: BENGKULU SELATAN | W124: 42.34 | Y124: BENGKULU SELATAN | Z124: 2.38 | AC124: Bengkulu Selatan | AD124: 62569123 | AE124: 24756642 | AF124: 60102981 | AI124: BENGKULU SELATAN | AJ124: 23.94 | AL124: Bengkulu Selatan | AM124: 17.51 | AO124: Bengkulu Selatan | AP124: 66.45 | AQ124: 70.43 | AS124: Bengkulu Selatan | AT124: 9.73 | AU124: 9.19 | AW124: Bengkulu Selatan | AX124: 44.13
A125: Rejang Lebong | B125: 94.24 | D125: REJANG LEBONG | E125: 63.13 | G125: Rejang Lebong | H125: 0.45 | J125: REJANG LEBONG | K125: 16.67 | M125: REJANG LEBONG | N125: 52.81 | P125: Bengkulu Tengah | Q125: 7.89 | S125: Rejang Lebong | T125: 0.343 | V125: REJANG LEBONG | W125: 25.6 | Y125: REJANG LEBONG | Z125: 2.16 | AC125: Bengkulu Utara | AD125: 82625881 | AE125: 33807246 | AF125: 16418599 | AI125: REJANG LEBONG | AJ125: 21.5 | AL125: Rejang Lebong | AM125: 14.79 | AO125: Rejang Lebong | AP125: 67.29 | AQ125: 71.25 | AS125: Rejang Lebong | AT125: 8.98 | AU125: 8.68 | AW125: Rejang Lebong | AX125: 39.24
A126: Bengkulu Utara | B126: 91.47 | D126: BENGKULU UTARA | E126: 61.88 | G126: Bengkulu Utara | H126: 0.513 | J126: BENGKULU UTARA | K126: 6.67 | M126: BENGKULU UTARA | N126: 57.38 | P126: Kota Bengkulu | Q126: 9.81 | S126: Bengkulu Utara | T126: 0.251 | V126: BENGKULU UTARA | W126: 38.07 | Y126: BENGKULU UTARA | Z126: 2.35 | AC126: Rejang Lebong | AD126: 37411737 | AE126: 32334390 | AF126: 18472323 | AI126: BENGKULU UTARA | AJ126: 23.67 | AL126: Bengkulu Utara | AM126: 11.29 | AO126: Bengkulu Utara | AP126: 66.83 | AQ126: 70.81 | AS126: Bengkulu Utara | AT126: 8.56 | AU126: 7.73 | AW126: Bengkulu Utara | AX126: 31.06
A127: Kaur | B127: 87.72 | D127: KAUR | E127: 62.89 | G127: Kaur | H127: 0.547 | J127: KAUR | K127: 8 | M127: KAUR | N127: 50.68 | P127: Lampung Barat | Q127: 8.5 | S127: Kaur | T127: 0.407 | V127: KAUR | W127: 37.62 | Y127: KAUR | Z127: 2.47 | AC127: Kota Bengkulu | AD127: 22434036 | AE127: 24635597 | AF127: 7411333 | AI127: KAUR | AJ127: 25.25 | AL127: Kaur | AM127: 17.83 | AO127: Kaur | AP127: 65.34 | AQ127: 69.3 | AS127: Kaur | AT127: 8.99 | AU127: 8.19 | AW127: Kaur | AX127: 31.6
A128: Seluma | B128: 86.3 | D128: SELUMA | E128: 59.07 | G128: Seluma | H128: 0.505 | J128: SELUMA | K128: 6.67 | M128: SELUMA | N128: 54.99 | P128: Tanggamus | Q128: 9.19 | S128: Seluma | T128: 0.347 | V128: SELUMA | W128: 35.24 | Y128: SELUMA | Z128: 2.44 | AC128: Kaur | AD128: 55331545 | AE128: 28927008 | AF128: 23254337 | AI128: SELUMA | AJ128: 25.4 | AL128: Seluma | AM128: 18 | AO128: Seluma | AP128: 66.4 | AQ128: 70.38 | AS128: Seluma | AT128: 8.55 | AU128: 7.68 | AW128: Seluma | AX128: 29.84
A129: Mukomuko | B129: 84.87 | D129: MUKOMUKO | E129: 56.32 | G129: Mukomuko | H129: 0.604 | J129: MUKOMUKO | K129: 4 | M129: MUKOMUKO | N129: 55.82 | P129: Lampung Selatan | Q129: 7.61 | S129: Mukomuko | T129: 0.392 | V129: MUKOMUKO | W129: 32.77 | Y129: MUKOMUKO | Z129: 2.32 | AC129: Seluma | AD129: 59278157 | AE129: 26911401 | AF129: 27524923 | AI129: MUKOMUKO | AJ129: 21.28 | AL129: Mukomuko | AM129: 10.76 | AO129: Mukomuko | AP129: 65.37 | AQ129: 69.33 | AS129: Mukomuko | AT129: 8.84 | AU129: 8.15 | AW129: Mukomuko | AX129: 32.02
A130: Lebong | B130: 92.06 | D130: LEBONG | E130: 74.25 | G130: Lebong | H130: 0.52 | J130: LEBONG | K130: 20 | M130: LEBONG | N130: 57.18 | P130: Lampung Timur | Q130: 10.59 | S130: Lebong | T130: 0.363 | V130: LEBONG | W130: 38.1 | Y130: LEBONG | Z130: 2.42 | AC130: Mukomuko | AD130: 63333625 | AE130: 33694011 | AF130: 21530240 | AI130: LEBONG | AJ130: 26.16 | AL130: Lebong | AM130: 11.15 | AO130: Lebong | AP130: 62.07 | AQ130: 65.88 | AS130: Lebong | AT130: 8.57 | AU130: 8.12 | AW130: Lebong | AX130: 31.21
A131: Kepahiang | B131: 96.01 | D131: KEPAHIANG | E131: 66.41 | G131: Kepahiang | H131: 0.515 | J131: KEPAHIANG | K131: 12 | M131: KEPAHIANG | N131: 56.27 | P131: Lampung Tengah | Q131: 9.35 | S131: Kepahiang | T131: 0.35 | V131: KEPAHIANG | W131: 34.96 | Y131: KEPAHIANG | Z131: 2.18 | AC131: Lebong | AD131: 45735211 | AE131: 26578878 | AF131: 31620329 | AI131: KEPAHIANG | AJ131: 26.95 | AL131: Kepahiang | AM131: 14.12 | AO131: Kepahiang | AP131: 66.52 | AQ131: 70.5 | AS131: Kepahiang | AT131: 8.71 | AU131: 8.12 | AW131: Kepahiang | AX131: 33.12
A132: Bengkulu Tengah | B132: 87.25 | D132: BENGKULU TENGAH | E132: 74.93 | G132: Bengkulu Tengah | H132: 0.524 | J132: BENGKULU TENGAH | K132: 20 | M132: BENGKULU TENGAH | N132: 50.96 | P132: Lampung Utara | Q132: 10.28 | S132: Bengkulu Tengah | T132: 0.39 | V132: BENGKULU TENGAH | W132: 43.16 | Y132: BENGKULU TENGAH | Z132: 2.35 | AC132: Kepahiang | AD132: 46596873 | AE132: 23053209 | AF132: 25125055 | AI132: BENGKULU TENGAH | AJ132: 25.22 | AL132: Bengkulu Tengah | AM132: 9.4 | AO132: Bengkulu Tengah | AP132: 66.58 | AQ132: 70.56 | AS132: Bengkulu Tengah | AT132: 8.07 | AU132: 6.93 | AW132: Bengkulu Tengah | AX132: 30.29
A133: Kota Bengkulu | B133: 96.12 | D133: KOTA BENGKULU | E133: 75.94 | G133: Kota Bengkulu | H133: 0.319 | J133: KOTA BENGKULU | K133: 22.86 | M133: KOTA BENGKULU | N133: 48.83 | P133: Way Kanan | Q133: 7.11 | S133: Kota Bengkulu | T133: 0.194 | V133: KOTA BENGKULU | W133: 33.99 | Y133: KOTA BENGKULU | Z133: 2.15 | AC133: Bengkulu Tengah | AD133: 53348690 | AE133: 22614126 | AF133: 18838122 | AI133: KOTA BENGKULU | AJ133: 18.08 | AL133: Kota Bengkulu | AM133: 14.71 | AO133: Kota Bengkulu | AP133: 68.81 | AQ133: 72.76 | AS133: Kota Bengkulu | AT133: 12.12 | AU133: 11.82 | AW133: Kota Bengkulu | AX133: 67.85
A134: LAMPUNG | B134: 90.75 | D134: LAMPUNG | E134: 68.16 | G134: LAMPUNG | H134: 0.437 | J134: LAMPUNG | K134: 18.82 | M134: LAMPUNG | N134: 53.25 | P134: Tulangbawang | Q134: 8.44 | S134: LAMPUNG | T134: 0.26 | V134: LAMPUNG | W134: 29.03 | Y134: LAMPUNG | Z134: 2.28 | AC134: Lampung | AD134: 213887022 | AE134: 19079410 | AF134: 12762854 | AI134: LAMPUNG | AJ134: 18.3 | AL134: LAMPUNG | AM134: 11.11 | AO134: LAMPUNG | AP134: 69.31 | AQ134: 73.28 | AS134: LAMPUNG | AT134: 8.57 | AU134: 8 | AW134: LAMPUNG | AX134: 32.12
A135: Lampung Barat | B135: 93.47 | D135: LAMPUNG BARAT | E135: 68.61 | G135: Lampung Barat | H135: 0.468 | J135: LAMPUNG BARAT | K135: 17.14 | M135: LAMPUNG BARAT | N135: 57.47 | P135: Pesawaran | Q135: 8.43 | S135: Lampung Barat | T135: 0.325 | V135: LAMPUNG BARAT | W135: 32.56 | Y135: LAMPUNG BARAT | Z135: 2.51 | AC135: Lampung Barat | AD135: 46169037 | AE135: 29483685 | AF135: 16969646 | AI135: LAMPUNG BARAT | AJ135: 19.33 | AL135: Lampung Barat | AM135: 11.17 | AO135: Lampung Barat | AP135: 66.19 | AQ135: 70.17 | AS135: Lampung Barat | AT135: 8.53 | AU135: 8.16 | AW135: Lampung Barat | AX135: 32.9
A136: Tanggamus | B136: 91.27 | D136: TANGGAMUS | E136: 55.97 | G136: Tanggamus | H136: 0.532 | J136: TANGGAMUS | K136: 6.67 | M136: TANGGAMUS | N136: 58.49 | P136: Pringsewu | Q136: 10.82 | S136: Tanggamus | T136: 0.255 | V136: TANGGAMUS | W136: 29.05 | Y136: TANGGAMUS | Z136: 2.37 | AC136: Lampung Selatan | AD136: 108356968 | AE136: 66698291 | AF136: 12837672 | AI136: TANGGAMUS | AJ136: 19.4 | AL136: Tanggamus | AM136: 10.52 | AO136: Tanggamus | AP136: 67.3 | AQ136: 71.26 | AS136: Tanggamus | AT136: 7.73 | AU136: 6.97 | AW136: Tanggamus | AX136: 21.2
... A149: Kota Metro | B149: 95.99 | D149: KOTA METRO | E149: 74.5 | G149: Kota Metro | H149: 0.289 | J149: KOTA METRO | K149: 24 | M149: KOTA METRO | N149: 53.94 | P149: Karimun | Q149: 14.7 | S149: Kota Metro | T149: 0.138 | V149: KOTA METRO | W149: 33.34 | Y149: KOTA METRO | Z149: 2.1 | AC149: Pesisir Barat | AD149: 52771715 | AE149: 29569281 | AF149: 27368216 | AI149: KOTA METRO | AJ149: 13.34 | AL149: Kota Metro | AM149: 7.28 | AO149: Kota Metro | AP149: 70.17 | AQ149: 74.17 | AS149: Kota Metro | AT149: 11.19 | AU149: 10.94 | AW149: Kota Metro | AX149: 60.35
A150: KEP. BANGKA BELITUNG | B150: 89.84 | D150: KEP. BANGKA BELITUNG | E150: 58.22 | G150: KEP. BANGKA BELITUNG | H150: 0.49 | J150: KEP. BANGKA BELITUNG | K150: 9.52 | M150: KEP. BANGKA BELITUNG | N150: 57.64 | P150: Bintan | Q150: 15.28 | S150: KEP. BANGKA BELITUNG | T150: 0.32 | V150: KEP. BANGKA BELITUNG | W150: 27.1 | Y150: KEP. BANGKA BELITUNG | Z150: 2.24 | AC150: DKI Jakarta | AD150: - | AE150: - | AF150: - | AI150: BANGKA BELITUNG | AJ150: 19.67 | AL150: KEP. BANGKA BELITUNG | AM150: 4.52 | AO150: KEP. BANGKA BELITUNG | AP150: 69.3 | AQ150: 73.26 | AS150: KEP. BANGKA BELITUNG | AT150: 8.45 | AU150: 8.11 | AW150: KEP. BANGKA BELITUNG | AX150: 37.18
A151: Bangka | B151: 89.24 | D151: BANGKA | E151: 61.19 | G151: Bangka | H151: 0.488 | J151: BANGKA | K151: 14.71 | M151: BANGKA | N151: 59.99 | P151: Natuna | Q151: 15.94 | S151: Bangka | T151: 0.288 | V151: BANGKA | W151: 25.28 | Y151: BANGKA | Z151: 2.34 | AC151: Jawa Barat | AD151: 344372919 | AE151: 36721756 | AF151: 12997731 | AI151: BANGKA | AJ151: 18.31 | AL151: Bangka | AM151: 4.32 | AO151: Bangka | AP151: 69.65 | AQ151: 73.63 | AS151: Bangka | AT151: 8.74 | AU151: 8.16 | AW151: Bangka | AX151: 37.85
A152: Belitung | B152: 89.21 | D152: BELITUNG | E152: 53.47 | G152: Belitung | H152: 0.287 | J152: BELITUNG | K152: 8 | M152: BELITUNG | N152: 55.26 | P152: Lingga | Q152: 24.11 | S152: Belitung | T152: 0.281 | V152: BELITUNG | W152: 23.24 | Y152: BELITUNG | Z152: 2.13 | AC152: Bandung | AD152: 299853896 | AE152: 51268832 | AF152: 18474951 | AI152: BELITUNG | AJ152: 19.37 | AL152: Belitung | AM152: 6.46 | AO152: Belitung | AP152: 69.6 | AQ152: 73.57 | AS152: Belitung | AT152: 9.08 | AU152: 8.65 | AW152: Belitung | AX152: 43.38
A153: Bangka Barat | B153: 90.36 | D153: BANGKA BARAT | E153: 64.15 | G153: Bangka Barat | H153: 0.459 | J153: BANGKA BARAT | K153: 16 | M153: BANGKA BARAT | N153: 58.43 | P153: Kepulauan Anambas | Q153: 13.71 | S153: Bangka Barat | T153: 0.326 | V153: BANGKA BARAT | W153: 27.36 | Y153: BANGKA BARAT | Z153: 2.23 | AC153: Bekasi | AD153: 182211292 | AE153: 29493271 | AF153: 5089561 | AI153: BANGKA BARAT | AJ153: 21.23 | AL153: Bangka Barat | AM153: 2.71 | AO153: Bangka Barat | AP153: 68.51 | AQ153: 72.44 | AS153: Bangka Barat | AT153: 8.07 | AU153: 7.42 | AW153: Bangka Barat | AX153: 32.84
A154: Bangka Tengah | B154: 91.91 | D154: BANGKA TENGAH | E154: 63.29 | G154: Bangka Tengah | H154: 0.388 | J154: BANGKA TENGAH | K154: 20 | M154: BANGKA TENGAH | N154: 58.19 | P154: Kota Batam | Q154: 7.53 | S154: Bangka Tengah | T154: 0.383 | V154: BANGKA TENGAH | W154: 22.44 | Y154: BANGKA TENGAH | Z154: 2.32 | AC154: Bogor | AD154: 414754542 | AE154: 102472378 | AF154: 18854963 | AI154: BANGKA TENGAH | AJ154: 21.21 | AL154: Bangka Tengah | AM154: 5.29 | AO154: Bangka Tengah | AP154: 70.16 | AQ154: 74.16 | AS154: Bangka Tengah | AT154: 7.66 | AU154: 6.94 | AW154: Bangka Tengah | AX154: 23.05
A155: Bangka Selatan | B155: 84.81 | D155: BANGKA SELATAN | E155: 49.45 | G155: Bangka Selatan | H155: 0.599 | J155: BANGKA SELATAN | K155: 8 | M155: BANGKA SELATAN | N155: 56.11 | P155: Kota Tanjung Pinang | Q155: 10.07 | S155: Bangka Selatan | T155: 0.462 | V155: BANGKA SELATAN | W155: 22.16 | Y155: BANGKA SELATAN | Z155: 2.15 | AC155: Ciamis | AD155: 80236181 | AE155: 52574437 | AF155: 20256167 | AI155: BANGKA SELATAN | AJ155: 23.69 | AL155: Bangka Selatan | AM155: 3.11 | AO155: Bangka Selatan | AP155: 67.05 | AQ155: 71.02 | AS155: Bangka Selatan | AT155: 7.23 | AU155: 6.72 | AW155: Bangka Selatan | AX155: 24.61
A156: Belitung Timur | B156: 87.3 | D156: BELITUNG TIMUR | E156: 54.92 | G156: Belitung Timur | H156: 0.477 | J156: BELITUNG TIMUR | K156: 8 | M156: BELITUNG TIMUR | N156: 62.69 | P156: Kepulauan Seribu | Q156: 3.63 | S156: Belitung Timur | T156: 0.297 | V156: BELITUNG TIMUR | W156: 27.48 | Y156: BELITUNG TIMUR | Z156: 2.11 | AC156: Cianjur | AD156: 313587295 | AE156: 111708891 | AF156: 33408922 | AI156: BELITUNG TIMUR | AJ156: 20.85 | AL156: Belitung Timur | AM156: 6.73 | AO156: Belitung Timur | AP156: 70.62 | AQ156: 74.65 | AS156: Belitung Timur | AT156: 8.98 | AU156: 8.79 | AW156: Belitung Timur | AX156: 41.02
A157: Kota Pangkal Pinang | B157: 93.16 | D157: KOTA PANGKAL PINANG | E157: 65.1 | G157: Kota Pangkal Pinang | H157: 0.217 | J157: KOTA PANGKAL PINANG | K157: 13.33 | M157: KOTA PANGKAL PINANG | N157: 54.55 | P157: Kota Jakarta Selatan | Q157: 2.28 | S157: Kota Pangkal Pinang | T157: 0.193 | V157: KOTA PANGKAL PINANG | W157: 30.08 | Y157: KOTA PANGKAL PINANG | Z157: 2.26 | AC157: Cirebon | AD157: 236008686 | AE157: 69512792 | AF157: 10294939 | AI157: KOTA PANGKAL PINANG | AJ157: 14.61 | AL157: Kota Pangkal Pinang | AM157: 4.27 | AO157: Kota Pangkal Pinang | AP157: 72.18 | AQ157: 75.9 | AS157: Kota Pangkal Pinang | AT157: 10.84 | AU157: 10.08 | AW157: Kota Pangkal Pinang | AX157: 55.68
A158: KEP. RIAU | B158: 93.96 | D158: KEP. RIAU | E158: 58.83 | G158: KEP. RIAU | H158: 0.348 | J158: KEP. RIAU | K158: 8.89 | M158: KEP. RIAU | N158: 44.35 | P158: Kota Jakarta Timur | Q158: 3.08 | S158: KEP. RIAU | T158: 0.14 | V158: KEP. RIAU | W158: 28.01 | Y158: KEP. RIAU | Z158: 2.21 | AC158: Garut | AD158: 252253834 | AE158: 78578178 | AF158: 20390686 | AI158: KEPULAUAN RIAU | AJ158: 15.43 | AL158: KEPULAUAN RIAU | AM158: 5.69 | AO158: KEPULAUAN RIAU | AP158: 68.99 | AQ158: 72.94 | AS158: KEPULAUAN RIAU | AT158: 10.51 | AU158: 10.38 | AW158: KEPULAUAN RIAU | AX158: 60.24
A159: Karimun | B159: 91.33 | D159: KARIMUN | E159: 57.07 | G159: Karimun | H159: 0.401 | J159: KARIMUN | K159: 10 | M159: KARIMUN | N159: 43.77 | P159: Kota Jakarta Pusat | Q159: 2.91 | S159: Karimun | T159: 0.185 | V159: KARIMUN | W159: 24.77 | Y159: KARIMUN | Z159: 2.28 | AC159: Indramayu | AD159: 229420189 | AE159: 63386754 | AF159: 7749296 | AI159: KARIMUN | AJ159: 16.64 | AL159: Karimun | AM159: 5.95 | AO159: Karimun | AP159: 70.06 | AQ159: 74.05 | AS159: Karimun | AT159: 8.9 | AU159: 8.43 | AW159: Karimun | AX159: 39.04
...

Sheet Data
A1: Kabupaten/Kota | B1: IPG | C1: IDG | D1: IKG | E1: Wpar | F1: Wwork | G1: Unourish | H1: Childbirth | I1: Wsumbang | J1: TFR | K1: PPM | L1: AKB | M1: AHHL | N1: AHHP | O1: RLSL | P1: RLSP | Q1: PSMA | R1: Latitude | S1: Longitude | T1: Filter
A2: ACEH | B2: 92.55 | C2: {=INDEX(DataAll!$E$2:$E$555,MATCH(LOWER(Data!A2),LOWER(DataAll!$D$2:$D$555),0))} -> 63.56 | D2: {=INDEX(DataAll!$H$2:$H$579,MATCH(LOWER(Data!A2),LOWER(DataAll!$G$2:$G$555),0))} -> 0.489 | E2: {=INDEX(DataAll!$K$2:$K$579,MATCH(LOWER(Data!A2),LOWER(DataAll!$J$2:$J$555),0))} -> 11.11 | F2: {=INDEX(DataAll!$N$2:$N$555,MATCH(LOWER(Data!A2),LOWER(DataAll!$M$2:$M$555),0))} -> 55.77 | G2: {=INDEX(DataAll!$Q$2:$Q$555,MATCH(LOWER(Data!A2),LOWER(DataAll!$P$2:$P$555),0))} -> #N/A | H2: {=INDEX(DataAll!$T$2:$T$555,MATCH(LOWER(Data!A2),LOWER(DataAll!$S$2:$S$555),0))} -> 0.209 | I2: {=INDEX(DataAll!$W$2:$W$555,MATCH(LOWER(Data!A2),LOWER(DataAll!$V$2:$V$555),0))} -> 34.5 | J2: {=INDEX(DataAll!$Z$2:$Z$555,MATCH(LOWER(Data!A2),LOWER(DataAll!$Y$2:$Y$555),0))} -> 2.42 | K2: {=INDEX(DataAll!$AM$2:$AM$555,MATCH(LOWER(Data!A2),LOWER(DataAll!$AL$2:$AL$555),0))} -> 14.45 | L2: {=INDEX(DataAll!$AJ$2:$AJ$555,MATCH(LOWER(Data!A2),LOWER(DataAll!$AI$2:$AI$555),0))} -> 22.88 | M2: {=INDEX(DataAll!$AP$2:$AP$555,MATCH(LOWER(Data!A2),LOWER(DataAll!$AO$2:$AO$555),0))} -> 68.42 | N2: {=INDEX(DataAll!$AQ$2:$AQ$555,MATCH(LOWER(Data!A2),LOWER(DataAll!$AO$2:$AO$555),0))} -> 72.35 | O2: {=INDEX(DataAll!$AT$2:$AT$555,MATCH(LOWER(Data!A2),LOWER(DataAll!$AS$2:$AS$555),0))} -> 9.7 | P2: {=INDEX(DataAll!$AU$2:$AU$555,MATCH(LOWER(Data!A2),LOWER(DataAll!$AS$2:$AS$555),0))} -> 9.4 | Q2: {=INDEX(DataAll!$AX$2:$AX$556,MATCH(LOWER(Data!A2),LOWER(DataAll!$AW$2:$AW$556),0))} -> 44.57 | R2: {=INDEX('Longitude and Latitude'!$B$2:$B$579,MATCH(LOWER(Data!A2),LOWER('Longitude and Latitude'!$A$2:$A$579),0))} -> 4.695135 | S2: {=INDEX('Longitude and Latitude'!$C$2:$C$579,MATCH(LOWER(Data!A2),LOWER('Longitude and Latitude'!$A$2:$A$579),0))} -> 96.749399 | T2: =IF(EXACT(A2, UPPER(A2)), TRUE, FALSE) -> TRUE
A3: Simeulue | B3: 79.41 | C3: {=INDEX(DataAll!$E$2:$E$555,MATCH(LOWER(Data!A3),LOWER(DataAll!$D$2:$D$555),0))} -> 64.79 | D3: {=INDEX(DataAll!$H$2:$H$579,MATCH(LOWER(Data!A3),LOWER(DataAll!$G$2:$G$555),0))} -> 0.302 | E3: {=INDEX(DataAll!$K$2:$K$579,MATCH(LOWER(Data!A3),LOWER(DataAll!$J$2:$J$555),0))} -> 20 | F3: {=INDEX(DataAll!$N$2:$N$555,MATCH(LOWER(Data!A3),LOWER(DataAll!$M$2:$M$555),0))} -> 52.38 | G3: {=INDEX(DataAll!$Q$2:$Q$555,MATCH(LOWER(Data!A3),LOWER(DataAll!$P$2:$P$555),0))} -> 10.91 | H3: {=INDEX(DataAll!$T$2:$T$555,MATCH(LOWER(Data!A3),LOWER(DataAll!$S$2:$S$555),0))} -> 0.261 | I3: {=INDEX(DataAll!$W$2:$W$555,MATCH(LOWER(Data!A3),LOWER(DataAll!$V$2:$V$555),0))} -> 24.04 | J3: {=INDEX(DataAll!$Z$2:$Z$555,MATCH(LOWER(Data!A3),LOWER(DataAll!$Y$2:$Y$555),0))} -> 2.71 | K3: {=INDEX(DataAll!$AM$2:$AM$555,MATCH(LOWER(Data!A3),LOWER(DataAll!$AL$2:$AL$555),0))} -> 17.92 | L3: {=INDEX(DataAll!$AJ$2:$AJ$555,MATCH(LOWER(Data!A3),LOWER(DataAll!$AI$2:$AI$555),0))} -> 38.9 | M3: {=INDEX(DataAll!$AP$2:$AP$555,MATCH(LOWER(Data!A3),LOWER(DataAll!$AO$2:$AO$555),0))} -> 63.72 | N3: {=INDEX(DataAll!$AQ$2:$AQ$555,MATCH(LOWER(Data!A3),LOWER(DataAll!$AO$2:$AO$555),0))} -> 67.59 | O3: {=INDEX(DataAll!$AT$2:$AT$555,MATCH(LOWER(Data!A3),LOWER(DataAll!$AS$2:$AS$555),0))} -> 10.15 | P3: {=INDEX(DataAll!$AU$2:$AU$555,MATCH(LOWER(Data!A3),LOWER(DataAll!$AS$2:$AS$555),0))} -> 9.37 | Q3: {=INDEX(DataAll!$AX$2:$AX$556,MATCH(LOWER(Data!A3),LOWER(DataAll!$AW$2:$AW$556),0))} -> 42.67 | R3: {=INDEX('Longitude and Latitude'!$B$2:$B$579,MATCH(LOWER(Data!A3),LOWER('Longitude and Latitude'!$A$2:$A$579),0))} -> 2.583333 | S3: {=INDEX('Longitude and Latitude'!$C$2:$C$579,MATCH(LOWER(Data!A3),LOWER('Longitude and Latitude'!$A$2:$A$579),0))} -> 96.083333 | T3: =IF(EXACT(A3, UPPER(A3)), TRUE, FALSE) -> FALSE
A4: Aceh Singkil | B4: 85.23 | C4: {=INDEX(DataAll!$E$2:$E$555,MATCH(LOWER(Data!A4),LOWER(DataAll!$D$2:$D$555),0))} -> 59.84 | D4: {=INDEX(DataAll!$H$2:$H$579,MATCH(LOWER(Data!A4),LOWER(DataAll!$G$2:$G$555),0))} -> 0.525 | E4: {=INDEX(DataAll!$K$2:$K$579,MATCH(LOWER(Data!A4),LOWER(DataAll!$J$2:$J$555),0))} -> 12 | F4: {=INDEX(DataAll!$N$2:$N$555,MATCH(LOWER(Data!A4),LOWER(DataAll!$M$2:$M$555),0))} -> 58.41 | G4: {=INDEX(DataAll!$Q$2:$Q$555,MATCH(LOWER(Data!A4),LOWER(DataAll!$P$2:$P$555),0))} -> 7.31 | H4: {=INDEX(DataAll!$T$2:$T$555,MATCH(LOWER(Data!A4),LOWER(DataAll!$S$2:$S$555),0))} -> 0.279 | I4: {=INDEX(DataAll!$W$2:$W$555,MATCH(LOWER(Data!A4),LOWER(DataAll!$V$2:$V$555),0))} -> 29.1 | J4: {=INDEX(DataAll!$Z$2:$Z$555,MATCH(LOWER(Data!A4),LOWER(DataAll!$Y$2:$Y$555),0))} -> 3.04 | K4: {=INDEX(DataAll!$AM$2:$AM$555,MATCH(LOWER(Data!A4),LOWER(DataAll!$AL$2:$AL$555),0))} -> 19.15 | L4: {=INDEX(DataAll!$AJ$2:$AJ$555,MATCH(LOWER(Data!A4),LOWER(DataAll!$AI$2:$AI$555),0))} -> 39.3 | M4: {=INDEX(DataAll!$AP$2:$AP$555,MATCH(LOWER(Data!A4),LOWER(DataAll!$AO$2:$AO$555),0))} -> 65.84 | N4: {=INDEX(DataAll!$AQ$2:$AQ$555,MATCH(LOWER(Data!A4),LOWER(DataAll!$AO$2:$AO$555),0))} -> 69.82 | O4: {=INDEX(DataAll!$AT$2:$AT$555,MATCH(LOWER(Data!A4),LOWER(DataAll!$AS$2:$AS$555),0))} -> 9.03 | P4: {=INDEX(DataAll!$AU$2:$AU$555,MATCH(LOWER(Data!A4),LOWER(DataAll!$AS$2:$AS$555),0))} -> 8.28 | Q4: {=INDEX(DataAll!$AX$2:$AX$556,MATCH(LOWER(Data!A4),LOWER(DataAll!$AW$2:$AW$556),0))} -> 38.62 | R4: {=INDEX('Longitude and Latitude'!$B$2:$B$579,MATCH(LOWER(Data!A4),LOWER('Longitude and Latitude'!$A$2:$A$579),0))} -> 2.3589459 | S4: {=INDEX('Longitude and Latitude'!$C$2:$C$579,MATCH(LOWER(Data!A4),LOWER('Longitude and Latitude'!$A$2:$A$579),0))} -> 97.87216 | T4: =IF(EXACT(A4, UPPER(A4)), TRUE, FALSE) -> FALSE
A5: Aceh Selatan | B5: 92.12 | C5: {=INDEX(DataAll!$E$2:$E$555,MATCH(LOWER(Data!A5),LOWER(DataAll!$D$2:$D$555),0))} -> 57.65 | D5: {=INDEX(DataAll!$H$2:$H$579,MATCH(LOWER(Data!A5),LOWER(DataAll!$G$2:$G$555),0))} -> 0.457 | E5: {=INDEX(DataAll!$K$2:$K$579,MATCH(LOWER(Data!A5),LOWER(DataAll!$J$2:$J$555),0))} -> 10 | F5: {=INDEX(DataAll!$N$2:$N$555,MATCH(LOWER(Data!A5),LOWER(DataAll!$M$2:$M$555),0))} -> 52.3 | G5: {=INDEX(DataAll!$Q$2:$Q$555,MATCH(LOWER(Data!A5),LOWER(DataAll!$P$2:$P$555),0))} -> 13.7 | H5: {=INDEX(DataAll!$T$2:$T$555,MATCH(LOWER(Data!A5),LOWER(DataAll!$S$2:$S$555),0))} -> 0.219 | I5: {=INDEX(DataAll!$W$2:$W$555,MATCH(LOWER(Data!A5),LOWER(DataAll!$V$2:$V$555),0))} -> 28.87 | J5: {=INDEX(DataAll!$Z$2:$Z$555,MATCH(LOWER(Data!A5),LOWER(DataAll!$Y$2:$Y$555),0))} -> 2.39 | K5: {=INDEX(DataAll!$AM$2:$AM$555,MATCH(LOWER(Data!A5),LOWER(DataAll!$AL$2:$AL$555),0))} -> 12.1 | L5: {=INDEX(DataAll!$AJ$2:$AJ$555,MATCH(LOWER(Data!A5),LOWER(DataAll!$AI$2:$AI$555),0))} -> 35.8 | M5: {=INDEX(DataAll!$AP$2:$AP$555,MATCH(LOWER(Data!A5),LOWER(DataAll!$AO$2:$AO$555),0))} -> 62.94 | N5: {=INDEX(DataAll!$AQ$2:$AQ$555,MATCH(LOWER(Data!A5),LOWER(DataAll!$AO$2:$AO$555),0))} -> 66.78 | O5: {=INDEX(DataAll!$AT$2:$AT$555,MATCH(LOWER(Data!A5),LOWER(DataAll!$AS$2:$AS$555),0))} -> 9.23 | P5: {=INDEX(DataAll!$AU$2:$AU$555,MATCH(LOWER(Data!A5),LOWER(DataAll!$AS$2:$AS$555),0))} -> 8.45 | Q5: {=INDEX(DataAll!$AX$2:$AX$556,MATCH(LOWER(Data!A5),LOWER(DataAll!$AW$2:$AW$556),0))} -> 34.83 | R5: {=INDEX('Longitude and Latitude'!$B$2:$B$579,MATCH(LOWER(Data!A5),LOWER('Longitude and Latitude'!$A$2:$A$579),0))} -> 3.3115056 | S5: {=INDEX('Longitude and Latitude'!$C$2:$C$579,MATCH(LOWER(Data!A5),LOWER('Longitude and Latitude'!$A$2:$A$579),0))} -> 97.351656 | T5: =IF(EXACT(A5, UPPER(A5)), TRUE, FALSE) -> FALSE
A6: Aceh Tenggara | B6: 93.28 | C6: {=INDEX(DataAll!$E$2:$E$555,MATCH(LOWER(Data!A6),LOWER(DataAll!$D$2:$D$555),0))} -> 59.4 | D6: {=INDEX(DataAll!$H$2:$H$579,MATCH(LOWER(Data!A6),LOWER(DataAll!$G$2:$G$555),0))} -> 0.519 | E6: {=INDEX(DataAll!$K$2:$K$579,MATCH(LOWER(Data!A6),LOWER(DataAll!$J$2:$J$555),0))} -> 10 | F6: {=INDEX(DataAll!$N$2:$N$555,MATCH(LOWER(Data!A6),LOWER(DataAll!$M$2:$M$555),0))} -> 53.83 | G6: {=INDEX(DataAll!$Q$2:$Q$555,MATCH(LOWER(Data!A6),LOWER(DataAll!$P$2:$P$555),0))} -> 12.97 | H6: {=INDEX(DataAll!$T$2:$T$555,MATCH(LOWER(Data!A6),LOWER(DataAll!$S$2:$S$555),0))} -> 0.259 | I6: {=INDEX(DataAll!$W$2:$W$555,MATCH(LOWER(Data!A6),LOWER(DataAll!$V$2:$V$555),0))} -> 31.46 | J6: {=INDEX(DataAll!$Z$2:$Z$555,MATCH(LOWER(Data!A6),LOWER(DataAll!$Y$2:$Y$555),0))} -> 2.71 | K6: {=INDEX(DataAll!$AM$2:$AM$555,MATCH(LOWER(Data!A6),LOWER(DataAll!$AL$2:$AL$555),0))} -> 12.45 | L6: {=INDEX(DataAll!$AJ$2:$AJ$555,MATCH(LOWER(Data!A6),LOWER(DataAll!$AI$2:$AI$555),0))} -> 25.45 | M6: {=INDEX(DataAll!$AP$2:$AP$555,MATCH(LOWER(Data!A6),LOWER(DataAll!$AO$2:$AO$555),0))} -> 66.71 | N6: {=INDEX(DataAll!$AQ$2:$AQ$555,MATCH(LOWER(Data!A6),LOWER(DataAll!$AO$2:$AO$555),0))} -> 70.69 | O6: {=INDEX(DataAll!$AT$2:$AT$555,MATCH(LOWER(Data!A6),LOWER(DataAll!$AS$2:$AS$555),0))} -> 10.39 | P6: {=INDEX(DataAll!$AU$2:$AU$555,MATCH(LOWER(Data!A6),LOWER(DataAll!$AS$2:$AS$555),0))} -> 9.81 | Q6: {=INDEX(DataAll!$AX$2:$AX$556,MATCH(LOWER(Data!A6),LOWER(DataAll!$AW$2:$AW$556),0))} -> 47.54 | R6: {=INDEX('Longitude and Latitude'!$B$2:$B$579,MATCH(LOWER(Data!A6),LOWER('Longitude and Latitude'!$A$2:$A$579),0))} -> 3.3088666 | S6: {=INDEX('Longitude and Latitude'!$C$2:$C$579,MATCH(LOWER(Data!A6),LOWER('Longitude and Latitude'!$A$2:$A$579),0))} -> 97.698227 | T6: =IF(EXACT(A6, UPPER(A6)), TRUE, FALSE) -> FALSE
A7: Aceh Timur | B7: 86.98 | C7: {=INDEX(DataAll!$E$2:$E$555,MATCH(LOWER(Data!A7),LOWER(DataAll!$D$2:$D$555),0))} -> 57.52 | D7: {=INDEX(DataAll!$H$2:$H$579,MATCH(LOWER(Data!A7),LOWER(DataAll!$G$2:$G$555),0))} -> 0.548 | E7: {=INDEX(DataAll!$K$2:$K$579,MATCH(LOWER(Data!A7),LOWER(DataAll!$J$2:$J$555),0))} -> 10 | F7: {=INDEX(DataAll!$N$2:$N$555,MATCH(LOWER(Data!A7),LOWER(DataAll!$M$2:$M$555),0))} -> 52.03 | G7: {=INDEX(DataAll!$Q$2:$Q$555,MATCH(LOWER(Data!A7),LOWER(DataAll!$P$2:$P$555),0))} -> 8.61 | H7: {=INDEX(DataAll!$T$2:$T$555,MATCH(LOWER(Data!A7),LOWER(DataAll!$S$2:$S$555),0))} -> 0.229 | I7: {=INDEX(DataAll!$W$2:$W$555,MATCH(LOWER(Data!A7),LOWER(DataAll!$V$2:$V$555),0))} -> 29.09 | J7: {=INDEX(DataAll!$Z$2:$Z$555,MATCH(LOWER(Data!A7),LOWER(DataAll!$Y$2:$Y$555),0))} -> 2.41 | K7: {=INDEX(DataAll!$AM$2:$AM$555,MATCH(LOWER(Data!A7),LOWER(DataAll!$AL$2:$AL$555),0))} -> 13.39 | L7: {=INDEX(DataAll!$AJ$2:$AJ$555,MATCH(LOWER(Data!A7),LOWER(DataAll!$AI$2:$AI$555),0))} -> 26.75 | M7: {=INDEX(DataAll!$AP$2:$AP$555,MATCH(LOWER(Data!A7),LOWER(DataAll!$AO$2:$AO$555),0))} -> 67.14 | N7: {=INDEX(DataAll!$AQ$2:$AQ$555,MATCH(LOWER(Data!A7),LOWER(DataAll!$AO$2:$AO$555),0))} -> 71.1 | O7: {=INDEX(DataAll!$AT$2:$AT$555,MATCH(LOWER(Data!A7),LOWER(DataAll!$AS$2:$AS$555),0))} -> 8.6 | P7: {=INDEX(DataAll!$AU$2:$AU$555,MATCH(LOWER(Data!A7),LOWER(DataAll!$AS$2:$AS$555),0))} -> 8.38 | Q7: {=INDEX(DataAll!$AX$2:$AX$556,MATCH(LOWER(Data!A7),LOWER(DataAll!$AW$2:$AW$556),0))} -> 31.23 | R7: {=INDEX('Longitude and Latitude'!$B$2:$B$579,MATCH(LOWER(Data!A7),LOWER('Longitude and Latitude'!$A$2:$A$579),0))} -> 5.255443 | S7: {=INDEX('Longitude and Latitude'!$C$2:$C$579,MATCH(LOWER(Data!A7),LOWER('Longitude and Latitude'!$A$2:$A$579),0))} -> 95.988546 | T7: =IF(EXACT(A7, UPPER(A7)), TRUE, FALSE) -> FALSE
A8: Aceh Tengah | B8: 97.5 | C8: {=INDEX(DataAll!$E$2:$E$555,MATCH(LOWER(Data!A8),LOWER(DataAll!$D$2:$D$555),0))} -> 71.78 | D8: {=INDEX(DataAll!$H$2:$H$579,MATCH(LOWER(Data!A8),LOWER(DataAll!$G$2:$G$555),0))} -> 0.507 | E8: {=INDEX(DataAll!$K$2:$K$579,MATCH(LOWER(Data!A8),LOWER(DataAll!$J$2:$J$555),0))} -> 16.67 | F8: {=INDEX(DataAll!$N$2:$N$555,MATCH(LOWER(Data!A8),LOWER(DataAll!$M$2:$M$555),0))} -> 55.93 | G8: {=INDEX(DataAll!$Q$2:$Q$555,MATCH(LOWER(Data!A8),LOWER(DataAll!$P$2:$P$555),0))} -> 8.61 | H8: {=INDEX(DataAll!$T$2:$T$555,MATCH(LOWER(Data!A8),LOWER(DataAll!$S$2:$S$555),0))} -> 0.263 | I8: {=INDEX(DataAll!$W$2:$W$555,MATCH(LOWER(Data!A8),LOWER(DataAll!$V$2:$V$555),0))} -> 37.41 | J8: {=INDEX(DataAll!$Z$2:$Z$555,MATCH(LOWER(Data!A8),LOWER(DataAll!$Y$2:$Y$555),0))} -> 2.51 | K8: {=INDEX(DataAll!$AM$2:$AM$555,MATCH(LOWER(Data!A8),LOWER(DataAll!$AL$2:$AL$555),0))} -> 14.38 | L8: {=INDEX(DataAll!$AJ$2:$AJ$555,MATCH(LOWER(Data!A8),LOWER(DataAll!$AI$2:$AI$555),0))} -> 25.43 | M8: {=INDEX(DataAll!$AP$2:$AP$555,MATCH(LOWER(Data!A8),LOWER(DataAll!$AO$2:$AO$555),0))} -> 67.25 | N8: {=INDEX(DataAll!$AQ$2:$AQ$555,MATCH(LOWER(Data!A8),LOWER(DataAll!$AO$2:$AO$555),0))} -> 71.21 | O8: {=INDEX(DataAll!$AT$2:$AT$555,MATCH(LOWER(Data!A8),LOWER(DataAll!$AS$2:$AS$555),0))} -> 10.06 | P8: {=INDEX(DataAll!$AU$2:$AU$555,MATCH(LOWER(Data!A8),LOWER(DataAll!$AS$2:$AS$555),0))} -> 9.72 | Q8: {=INDEX(DataAll!$AX$2:$AX$556,MATCH(LOWER(Data!A8),LOWER(DataAll!$AW$2:$AW$556),0))} -> 47.92 | R8: {=INDEX('Longitude and Latitude'!$B$2:$B$579,MATCH(LOWER(Data!A8),LOWER('Longitude and Latitude'!$A$2:$A$579),0))} -> 4.4482641 | S8: {=INDEX('Longitude and Latitude'!$C$2:$C$579,MATCH(LOWER(Data!A8),LOWER('Longitude and Latitude'!$A$2:$A$579),0))} -> 96.8351 | T8: =IF(EXACT(A8, UPPER(A8)), TRUE, FALSE) -> FALSE
A9: Aceh Barat | B9: 86.36 | C9: {=INDEX(DataAll!$E$2:$E$555,MATCH(LOWER(Data!A9),LOWER(DataAll!$D$2:$D$555),0))} -> 56.86 | D9: {=INDEX(DataAll!$H$2:$H$579,MATCH(LOWER(Data!A9),LOWER(DataAll!$G$2:$G$555),0))} -> 0.404 | E9: {=INDEX(DataAll!$K$2:$K$579,MATCH(LOWER(Data!A9),LOWER(DataAll!$J$2:$J$555),0))} -> 8 | F9: {=INDEX(DataAll!$N$2:$N$555,MATCH(LOWER(Data!A9),LOWER(DataAll!$M$2:$M$555),0))} -> 48.63 | G9: {=INDEX(DataAll!$Q$2:$Q$555,MATCH(LOWER(Data!A9),LOWER(DataAll!$P$2:$P$555),0))} -> 6.16 | H9: {=INDEX(DataAll!$T$2:$T$555,MATCH(LOWER(Data!A9),LOWER(DataAll!$S$2:$S$555),0))} -> 0.223 | I9: {=INDEX(DataAll!$W$2:$W$555,MATCH(LOWER(Data!A9),LOWER(DataAll!$V$2:$V$555),0))} -> 29.56 | J9: {=INDEX(DataAll!$Z$2:$Z$555,MATCH(LOWER(Data!A9),LOWER(DataAll!$Y$2:$Y$555),0))} -> 2.3 | K9: {=INDEX(DataAll!$AM$2:$AM$555,MATCH(LOWER(Data!A9),LOWER(DataAll!$AL$2:$AL$555),0))} -> 17.86 | L9: {=INDEX(DataAll!$AJ$2:$AJ$555,MATCH(LOWER(Data!A9),LOWER(DataAll!$AI$2:$AI$555),0))} -> 29.48 | M9: {=INDEX(DataAll!$AP$2:$AP$555,MATCH(LOWER(Data!A9),LOWER(DataAll!$AO$2:$AO$555),0))} -> 66.4 | N9: {=INDEX(DataAll!$AQ$2:$AQ$555,MATCH(LOWER(Data!A9),LOWER(DataAll!$AO$2:$AO$555),0))} -> 70.38 | O9: {=INDEX(DataAll!$AT$2:$AT$555,MATCH(LOWER(Data!A9),LOWER(DataAll!$AS$2:$AS$555),0))} -> 10.16 | P9: {=INDEX(DataAll!$AU$2:$AU$555,MATCH(LOWER(Data!A9),LOWER(DataAll!$AS$2:$AS$555),0))} -> 9.8 | Q9: {=INDEX(DataAll!$AX$2:$AX$556,MATCH(LOWER(Data!A9),LOWER(DataAll!$AW$2:$AW$556),0))} -> 48.3 | R9: {=INDEX('Longitude and Latitude'!$B$2:$B$579,MATCH(LOWER(Data!A9),LOWER('Longitude and Latitude'!$A$2:$A$579),0))} -> 4.4542745 | S9: {=INDEX('Longitude and Latitude'!$C$2:$C$579,MATCH(LOWER(Data!A9),LOWER('Longitude and Latitude'!$A$2:$A$579),0))} -> 96.152698 | T9: =IF(EXACT(A9, UPPER(A9)), TRUE, FALSE) -> FALSE
A10: Aceh Besar | B10: 95.29 | C10: {=INDEX(DataAll!$E$2:$E$555,MATCH(LOWER(Data!A10),LOWER(DataAll!$D$2:$D$555),0))} -> 47.2 | D10: {=INDEX(DataAll!$H$2:$H$579,MATCH(LOWER(Data!A10),LOWER(DataAll!$G$2:$G$555),0))} -> 0.5 | E10: {=INDEX(DataAll!$K$2:$K$579,MATCH(LOWER(Data!A10),LOWER(DataAll!$J$2:$J$555),0))} -> 2.86 | F10: {=INDEX(DataAll!$N$2:$N$555,MATCH(LOWER(Data!A10),LOWER(DataAll!$M$2:$M$555),0))} -> 57.67 | G10: {=INDEX(DataAll!$Q$2:$Q$555,MATCH(LOWER(Data!A10),LOWER(DataAll!$P$2:$P$555),0))} -> 8.58 | H10: {=INDEX(DataAll!$T$2:$T$555,MATCH(LOWER(Data!A10),LOWER(DataAll!$S$2:$S$555),0))} -> 0.182 | I10: {=INDEX(DataAll!$W$2:$W$555,MATCH(LOWER(Data!A10),LOWER(DataAll!$V$2:$V$555),0))} -> 25.24 | J10: {=INDEX(DataAll!$Z$2:$Z$555,MATCH(LOWER(Data!A10),LOWER(DataAll!$Y$2:$Y$555),0))} -> 2.25 | K10: {=INDEX(DataAll!$AM$2:$AM$555,MATCH(LOWER(Data!A10),LOWER(DataAll!$AL$2:$AL$555),0))} -> 13.38 | L10: {=INDEX(DataAll!$AJ$2:$AJ$555,MATCH(LOWER(Data!A10),LOWER(DataAll!$AI$2:$AI$555),0))} -> 22.41 | M10: {=INDEX(DataAll!$AP$2:$AP$555,MATCH(LOWER(Data!A10),LOWER(DataAll!$AO$2:$AO$555),0))} -> 68.22 | N10: {=INDEX(DataAll!$AQ$2:$AQ$555,MATCH(LOWER(Data!A10),LOWER(DataAll!$AO$2:$AO$555),0))} -> 72.16 | O10: {=INDEX(DataAll!$AT$2:$AT$555,MATCH(LOWER(Data!A10),LOWER(DataAll!$AS$2:$AS$555),0))} -> 10.56 | P10: {=INDEX(DataAll!$AU$2:$AU$555,MATCH(LOWER(Data!A10),LOWER(DataAll!$AS$2:$AS$555),0))} -> 10.36 | Q10: {=INDEX(DataAll!$AX$2:$AX$556,MATCH(LOWER(Data!A10),LOWER(DataAll!$AW$2:$AW$556),0))} -> 56.44 | R10: {=INDEX('Longitude and Latitude'!$B$2:$B$579,MATCH(LOWER(Data!A10),LOWER('Longitude and Latitude'!$A$2:$A$579),0))} -> 5.4529168 | S10: {=INDEX('Longitude and Latitude'!$C$2:$C$579,MATCH(LOWER(Data!A10),LOWER('Longitude and Latitude'!$A$2:$A$579),0))} -> 95.477781 | T10: =IF(EXACT(A10, UPPER(A10)), TRUE, FALSE) -> FALSE
A11: Pidie | B11: 93.92 | C11: {=INDEX(DataAll!$E$2:$E$555,MATCH(LOWER(Data!A11),LOWER(DataAll!$D$2:$D$555),0))} -> 66.3 | D11: {=INDEX(DataAll!$H$2:$H$579,MATCH(LOWER(Data!A11),LOWER(DataAll!$G$2:$G$555),0))} -> 0.288 | E11: {=INDEX(DataAll!$K$2:$K$579,MATCH(LOWER(Data!A11),LOWER(DataAll!$J$2:$J$555),0))} -> 17.5 | F11: {=INDEX(DataAll!$N$2:$N$555,MATCH(LOWER(Data!A11),LOWER(DataAll!$M$2:$M$555),0))} -> 59.02 | G11: {=INDEX(DataAll!$Q$2:$Q$555,MATCH(LOWER(Data!A11),LOWER(DataAll!$P$2:$P$555),0))} -> 9.12 | H11: {=INDEX(DataAll!$T$2:$T$555,MATCH(LOWER(Data!A11),LOWER(DataAll!$S$2:$S$555),0))} -> 0.127 | I11: {=INDEX(DataAll!$W$2:$W$555,MATCH(LOWER(Data!A11),LOWER(DataAll!$V$2:$V$555),0))} -> 32.01 | J11: {=INDEX(DataAll!$Z$2:$Z$555,MATCH(LOWER(Data!A11),LOWER(DataAll!$Y$2:$Y$555),0))} -> 2.35 | K11: {=INDEX(DataAll!$AM$2:$AM$555,MATCH(LOWER(Data!A11),LOWER(DataAll!$AL$2:$AL$555),0))} -> 18.78 | L11: {=INDEX(DataAll!$AJ$2:$AJ$555,MATCH(LOWER(Data!A11),LOWER(DataAll!$AI$2:$AI$555),0))} -> 39.41 | M11: {=INDEX(DataAll!$AP$2:$AP$555,MATCH(LOWER(Data!A11),LOWER(DataAll!$AO$2:$AO$555),0))} -> 65.36 | N11: {=INDEX(DataAll!$AQ$2:$AQ$555,MATCH(LOWER(Data!A11),LOWER(DataAll!$AO$2:$AO$555),0))} -> 69.32 | O11: {=INDEX(DataAll!$AT$2:$AT$555,MATCH(LOWER(Data!A11),LOWER(DataAll!$AS$2:$AS$555),0))} -> 9.43 | P11: {=INDEX(DataAll!$AU$2:$AU$555,MATCH(LOWER(Data!A11),LOWER(DataAll!$AS$2:$AS$555),0))} -> 8.73 | Q11: {=INDEX(DataAll!$AX$2:$AX$556,MATCH(LOWER(Data!A11),LOWER(DataAll!$AW$2:$AW$556),0))} -> 39.24 | R11: {=INDEX('Longitude and Latitude'!$B$2:$B$579,MATCH(LOWER(Data!A11),LOWER('Longitude and Latitude'!$A$2:$A$579),0))} -> 5.0742659 | S11: {=INDEX('Longitude and Latitude'!$C$2:$C$579,MATCH(LOWER(Data!A11),LOWER('Longitude and Latitude'!$A$2:$A$579),0))} -> 95.940971 | T11: =IF(EXACT(A11, UPPER(A11)), TRUE, FALSE) -> FALSE
A12: Bireuen | B12: 95.08 | C12: {=INDEX(DataAll!$E$2:$E$555,MATCH(LOWER(Data!A12),LOWER(DataAll!$D$2:$D$555),0))} -> 59.19 | D12: {=INDEX(DataAll!$H$2:$H$579,MATCH(LOWER(Data!A12),LOWER(DataAll!$G$2:$G$555),0))} -> 0.478 | E12: {=INDEX(DataAll!$K$2:$K$579,MATCH(LOWER(Data!A12),LOWER(DataAll!$J$2:$J$555),0))} -> 7.5 | F12: {=INDEX(DataAll!$N$2:$N$555,MATCH(LOWER(Data!A12),LOWER(DataAll!$M$2:$M$555),0))} -> 59.12 | G12: {=INDEX(DataAll!$Q$2:$Q$555,MATCH(LOWER(Data!A12),LOWER(DataAll!$P$2:$P$555),0))} -> 7.62 | H12: {=INDEX(DataAll!$T$2:$T$555,MATCH(LOWER(Data!A12),LOWER(DataAll!$S$2:$S$555),0))} -> 0.195 | I12: {=INDEX(DataAll!$W$2:$W$555,MATCH(LOWER(Data!A12),LOWER(DataAll!$V$2:$V$555),0))} -> 38.51 | J12: {=INDEX(DataAll!$Z$2:$Z$555,MATCH(LOWER(Data!A12),LOWER(DataAll!$Y$2:$Y$555),0))} -> 2.44 | K12: {=INDEX(DataAll!$AM$2:$AM$555,MATCH(LOWER(Data!A12),LOWER(DataAll!$AL$2:$AL$555),0))} -> 12.12 | L12: {=INDEX(DataAll!$AJ$2:$AJ$555,MATCH(LOWER(Data!A12),LOWER(DataAll!$AI$2:$AI$555),0))} -> 20.64 | M12: {=INDEX(DataAll!$AP$2:$AP$555,MATCH(LOWER(Data!A12),LOWER(DataAll!$AO$2:$AO$555),0))} -> 69.72 | N12: {=INDEX(DataAll!$AQ$2:$AQ$555,MATCH(LOWER(Data!A12),LOWER(DataAll!$AO$2:$AO$555),0))} -> 73.7 | O12: {=INDEX(DataAll!$AT$2:$AT$555,MATCH(LOWER(Data!A12),LOWER(DataAll!$AS$2:$AS$555),0))} -> 9.39 | P12: {=INDEX(DataAll!$AU$2:$AU$555,MATCH(LOWER(Data!A12),LOWER(DataAll!$AS$2:$AS$555),0))} -> 9.3 | Q12: {=INDEX(DataAll!$AX$2:$AX$556,MATCH(LOWER(Data!A12),LOWER(DataAll!$AW$2:$AW$556),0))} -> 40.37 | R12: {=INDEX('Longitude and Latitude'!$B$2:$B$579,MATCH(LOWER(Data!A12),LOWER('Longitude and Latitude'!$A$2:$A$579),0))} -> 5.18254 | S12: {=INDEX('Longitude and Latitude'!$C$2:$C$579,MATCH(LOWER(Data!A12),LOWER('Longitude and Latitude'!$A$2:$A$579),0))} -> 96.89005 | T12: =IF(EXACT(A12, UPPER(A12)), TRUE, FALSE) -> FALSE
A13: Aceh Utara | B13: 93.3 | C13: {=INDEX(DataAll!$E$2:$E$555,MATCH(LOWER(Data!A13),LOWER(DataAll!$D$2:$D$555),0))} -> 49.18 | D13: {=INDEX(DataAll!$H$2:$H$579,MATCH(LOWER(Data!A13),LOWER(DataAll!$G$2:$G$555),0))} -> 0.558 | E13: {=INDEX(DataAll!$K$2:$K$579,MATCH(LOWER(Data!A13),LOWER(DataAll!$J$2:$J$555),0))} -> 2.22 | F13: {=INDEX(DataAll!$N$2:$N$555,MATCH(LOWER(Data!A13),LOWER(DataAll!$M$2:$M$555),0))} -> 67.37 | G13: {=INDEX(DataAll!$Q$2:$Q$555,MATCH(LOWER(Data!A13),LOWER(DataAll!$P$2:$P$555),0))} -> 14.24 | H13: {=INDEX(DataAll!$T$2:$T$555,MATCH(LOWER(Data!A13),LOWER(DataAll!$S$2:$S$555),0))} -> 0.248 | I13: {=INDEX(DataAll!$W$2:$W$555,MATCH(LOWER(Data!A13),LOWER(DataAll!$V$2:$V$555),0))} -> 34.17 | J13: {=INDEX(DataAll!$Z$2:$Z$555,MATCH(LOWER(Data!A13),LOWER(DataAll!$Y$2:$Y$555),0))} -> 2.32 | K13: {=INDEX(DataAll!$AM$2:$AM$555,MATCH(LOWER(Data!A13),LOWER(DataAll!$AL$2:$AL$555),0))} -> 16.64 | L13: {=INDEX(DataAll!$AJ$2:$AJ$555,MATCH(LOWER(Data!A13),LOWER(DataAll!$AI$2:$AI$555),0))} -> 26.08 | M13: {=INDEX(DataAll!$AP$2:$AP$555,MATCH(LOWER(Data!A13),LOWER(DataAll!$AO$2:$AO$555),0))} -> 67.21 | N13: {=INDEX(DataAll!$AQ$2:$AQ$555,MATCH(LOWER(Data!A13),LOWER(DataAll!$AO$2:$AO$555),0))} -> 71.18 | O13: {=INDEX(DataAll!$AT$2:$AT$555,MATCH(LOWER(Data!A13),LOWER(DataAll!$AS$2:$AS$555),0))} -> 9.03 | P13: {=INDEX(DataAll!$AU$2:$AU$555,MATCH(LOWER(Data!A13),LOWER(DataAll!$AS$2:$AS$555),0))} -> 8.72 | Q13: {=INDEX(DataAll!$AX$2:$AX$556,MATCH(LOWER(Data!A13),LOWER(DataAll!$AW$2:$AW$556),0))} -> 35.11 | R13: {=INDEX('Longitude and Latitude'!$B$2:$B$579,MATCH(LOWER(Data!A13),LOWER('Longitude and Latitude'!$A$2:$A$579),0))} -> 4.9786331 | S13: {=INDEX('Longitude and Latitude'!$C$2:$C$579,MATCH(LOWER(Data!A13),LOWER('Longitude and Latitude'!$A$2:$A$579),0))} -> 97.222142 | T13: =IF(EXACT(A13, UPPER(A13)), TRUE, FALSE) -> FALSE
... A497: Halmahera Tengah | B497: 90.46 | C497: {=INDEX(DataAll!$E$2:$E$555,MATCH(LOWER(Data!A497),LOWER(DataAll!$D$2:$D$555),0))} -> 53.32 | D497: {=INDEX(DataAll!$H$2:$H$579,MATCH(LOWER(Data!A497),LOWER(DataAll!$G$2:$G$555),0))} -> 0.606 | E497: {=INDEX(DataAll!$K$2:$K$579,MATCH(LOWER(Data!A497),LOWER(DataAll!$J$2:$J$555),0))} -> 5 | F497: {=INDEX(DataAll!$N$2:$N$555,MATCH(LOWER(Data!A497),LOWER(DataAll!$M$2:$M$555),0))} -> 43.86 | G497: {=INDEX(DataAll!$Q$2:$Q$555,MATCH(LOWER(Data!A497),LOWER(DataAll!$P$2:$P$555),0))} -> 15.3 | H497: {=INDEX(DataAll!$T$2:$T$555,MATCH(LOWER(Data!A497),LOWER(DataAll!$S$2:$S$555),0))} -> 0.288 | I497: {=INDEX(DataAll!$W$2:$W$555,MATCH(LOWER(Data!A497),LOWER(DataAll!$V$2:$V$555),0))} -> 30.86 | J497: {=INDEX(DataAll!$Z$2:$Z$555,MATCH(LOWER(Data!A497),LOWER(DataAll!$Y$2:$Y$555),0))} -> 2.75 | K497: {=INDEX(DataAll!$AM$2:$AM$555,MATCH(LOWER(Data!A497),LOWER(DataAll!$AL$2:$AL$555),0))} -> 11.44 | L497: {=INDEX(DataAll!$AJ$2:$AJ$555,MATCH(LOWER(Data!A497),LOWER(DataAll!$AI$2:$AI$555),0))} -> 38.9 | M497: {=INDEX(DataAll!$AP$2:$AP$555,MATCH(LOWER(Data!A497),LOWER(DataAll!$AO$2:$AO$555),0))} -> 63.18 | N497: {=INDEX(DataAll!$AQ$2:$AQ$555,MATCH(LOWER(Data!A497),LOWER(DataAll!$AO$2:$AO$555),0))} -> 67.03 | O497: {=INDEX(DataAll!$AT$2:$AT$555,MATCH(LOWER(Data!A497),LOWER(DataAll!$AS$2:$AS$555),0))} -> 9.55 | P497: {=INDEX(DataAll!$AU$2:$AU$555,MATCH(LOWER(Data!A497),LOWER(DataAll!$AS$2:$AS$555),0))} -> 9.02 | Q497: {=INDEX(DataAll!$AX$2:$AX$556,MATCH(LOWER(Data!A497),LOWER(DataAll!$AW$2:$AW$556),0))} -> 39.27 | R497: {=INDEX('Longitude and Latitude'!$B$2:$B$579,MATCH(LOWER(Data!A497),LOWER('Longitude and Latitude'!$A$2:$A$579),0))} -> 1.3121235 | S497: {=INDEX('Longitude and Latitude'!$C$2:$C$579,MATCH(LOWER(Data!A497),LOWER('Longitude and Latitude'!$A$2:$A$579),0))} -> 128.48499 | T497: =IF(EXACT(A497, UPPER(A497)), TRUE, FALSE) -> FALSE
A498: Kepulauan Sula | B498: 92.85 | C498: {=INDEX(DataAll!$E$2:$E$555,MATCH(LOWER(Data!A498),LOWER(DataAll!$D$2:$D$555),0))} -> 44.91 | D498: {=INDEX(DataAll!$H$2:$H$579,MATCH(LOWER(Data!A498),LOWER(DataAll!$G$2:$G$555),0))} -> 0.857 | F498: {=INDEX(DataAll!$N$2:$N$555,MATCH(LOWER(Data!A498),LOWER(DataAll!$M$2:$M$555),0))} -> 56.72 | G498: {=INDEX(DataAll!$Q$2:$Q$555,MATCH(LOWER(Data!A498),LOWER(DataAll!$P$2:$P$555),0))} -> 44.37 | H498: {=INDEX(DataAll!$T$2:$T$555,MATCH(LOWER(Data!A498),LOWER(DataAll!$S$2:$S$555),0))} -> 0.309 | I498: {=INDEX(DataAll!$W$2:$W$555,MATCH(LOWER(Data!A498),LOWER(DataAll!$V$2:$V$555),0))} -> 28.14 | J498: {=INDEX(DataAll!$Z$2:$Z$555,MATCH(LOWER(Data!A498),LOWER(DataAll!$Y$2:$Y$555),0))} -> 2.5 | K498: {=INDEX(DataAll!$AM$2:$AM$555,MATCH(LOWER(Data!A498),LOWER(DataAll!$AL$2:$AL$555),0))} -> 8.17 | L498: {=INDEX(DataAll!$AJ$2:$AJ$555,MATCH(LOWER(Data!A498),LOWER(DataAll!$AI$2:$AI$555),0))} -> 45.8 | M498: {=INDEX(DataAll!$AP$2:$AP$555,MATCH(LOWER(Data!A498),LOWER(DataAll!$AO$2:$AO$555),0))} -> 62.09 | N498: {=INDEX(DataAll!$AQ$2:$AQ$555,MATCH(LOWER(Data!A498),LOWER(DataAll!$AO$2:$AO$555),0))} -> 65.89 | O498: {=INDEX(DataAll!$AT$2:$AT$555,MATCH(LOWER(Data!A498),LOWER(DataAll!$AS$2:$AS$555),0))} -> 9.39 | P498: {=INDEX(DataAll!$AU$2:$AU$555,MATCH(LOWER(Data!A498),LOWER(DataAll!$AS$2:$AS$555),0))} -> 8.89 | Q498: {=INDEX(DataAll!$AX$2:$AX$556,MATCH(LOWER(Data!A498),LOWER(DataAll!$AW$2:$AW$556),0))} -> 32.35 | R498: {=INDEX('Longitude and Latitude'!$B$2:$B$579,MATCH(LOWER(Data!A498),LOWER('Longitude and Latitude'!$A$2:$A$579),0))} -> -1.8666667 | S498: {=INDEX('Longitude and Latitude'!$C$2:$C$579,MATCH(LOWER(Data!A498),LOWER('Longitude and Latitude'!$A$2:$A$579),0))} -> 125.36667 | T498: =IF(EXACT(A498, UPPER(A498)), TRUE, FALSE) -> FALSE
A499: Halmahera Selatan | B499: 87.58 | C499: {=INDEX(DataAll!$E$2:$E$555,MATCH(LOWER(Data!A499),LOWER(DataAll!$D$2:$D$555),0))} -> 47.19 | D499: {=INDEX(DataAll!$H$2:$H$579,MATCH(LOWER(Data!A499),LOWER(DataAll!$G$2:$G$555),0))} -> 0.615 | E499: {=INDEX(DataAll!$K$2:$K$579,MATCH(LOWER(Data!A499),LOWER(DataAll!$J$2:$J$555),0))} -> 6.67 | F499: {=INDEX(DataAll!$N$2:$N$555,MATCH(LOWER(Data!A499),LOWER(DataAll!$M$2:$M$555),0))} -> 51.12 | G499: {=INDEX(DataAll!$Q$2:$Q$555,MATCH(LOWER(Data!A499),LOWER(DataAll!$P$2:$P$555),0))} -> 30.48 | H499: {=INDEX(DataAll!$T$2:$T$555,MATCH(LOWER(Data!A499),LOWER(DataAll!$S$2:$S$555),0))} -> 0.355 | I499: {=INDEX(DataAll!$W$2:$W$555,MATCH(LOWER(Data!A499),LOWER(DataAll!$V$2:$V$555),0))} -> 21.19 | J499: {=INDEX(DataAll!$Z$2:$Z$555,MATCH(LOWER(Data!A499),LOWER(DataAll!$Y$2:$Y$555),0))} -> 2.86 | K499: {=INDEX(DataAll!$AM$2:$AM$555,MATCH(LOWER(Data!A499),LOWER(DataAll!$AL$2:$AL$555),0))} -> 5.68 | L499: {=INDEX(DataAll!$AJ$2:$AJ$555,MATCH(LOWER(Data!A499),LOWER(DataAll!$AI$2:$AI$555),0))} -> 43.06 | M499: {=INDEX(DataAll!$AP$2:$AP$555,MATCH(LOWER(Data!A499),LOWER(DataAll!$AO$2:$AO$555),0))} -> 64.59 | N499: {=INDEX(DataAll!$AQ$2:$AQ$555,MATCH(LOWER(Data!A499),LOWER(DataAll!$AO$2:$AO$555),0))} -> 68.5 | O499: {=INDEX(DataAll!$AT$2:$AT$555,MATCH(LOWER(Data!A499),LOWER(DataAll!$AS$2:$AS$555),0))} -> 8.54 | P499: {=INDEX(DataAll!$AU$2:$AU$555,MATCH(LOWER(Data!A499),LOWER(DataAll!$AS$2:$AS$555),0))} -> 7.82 | Q499: {=INDEX(DataAll!$AX$2:$AX$556,MATCH(LOWER(Data!A499),LOWER(DataAll!$AW$2:$AW$556),0))} -> 26.53 | R499: {=INDEX('Longitude and Latitude'!$B$2:$B$579,MATCH(LOWER(Data!A499),LOWER('Longitude and Latitude'!$A$2:$A$579),0))} -> 1.3121235 | S499: {=INDEX('Longitude and Latitude'!$C$2:$C$579,MATCH(LOWER(Data!A499),LOWER('Longitude and Latitude'!$A$2:$A$579),0))} -> 128.48499 | T499: =IF(EXACT(A499, UPPER(A499)), TRUE, FALSE) -> FALSE
A500: Halmahera Utara | B500: 90.03 | C500: {=INDEX(DataAll!$E$2:$E$555,MATCH(LOWER(Data!A500),LOWER(DataAll!$D$2:$D$555),0))} -> 68.4 | D500: {=INDEX(DataAll!$H$2:$H$579,MATCH(LOWER(Data!A500),LOWER(DataAll!$G$2:$G$555),0))} -> 0.56 | E500: {=INDEX(DataAll!$K$2:$K$579,MATCH(LOWER(Data!A500),LOWER(DataAll!$J$2:$J$555),0))} -> 20 | F500: {=INDEX(DataAll!$N$2:$N$555,MATCH(LOWER(Data!A500),LOWER(DataAll!$M$2:$M$555),0))} -> 45.45 | G500: {=INDEX(DataAll!$Q$2:$Q$555,MATCH(LOWER(Data!A500),LOWER(DataAll!$P$2:$P$555),0))} -> 31.22 | H500: {=INDEX(DataAll!$T$2:$T$555,MATCH(LOWER(Data!A500),LOWER(DataAll!$S$2:$S$555),0))} -> 0.317 | I500: {=INDEX(DataAll!$W$2:$W$555,MATCH(LOWER(Data!A500),LOWER(DataAll!$V$2:$V$555),0))} -> 29.62 | J500: {=INDEX(DataAll!$Z$2:$Z$555,MATCH(LOWER(Data!A500),LOWER(DataAll!$Y$2:$Y$555),0))} -> 2.48 | K500: {=INDEX(DataAll!$AM$2:$AM$555,MATCH(LOWER(Data!A500),LOWER(DataAll!$AL$2:$AL$555),0))} -> 4.62 | L500: {=INDEX(DataAll!$AJ$2:$AJ$555,MATCH(LOWER(Data!A500),LOWER(DataAll!$AI$2:$AI$555),0))} -> 29.03 | M500: {=INDEX(DataAll!$AP$2:$AP$555,MATCH(LOWER(Data!A500),LOWER(DataAll!$AO$2:$AO$555),0))} -> 68.19 | N500: {=INDEX(DataAll!$AQ$2:$AQ$555,MATCH(LOWER(Data!A500),LOWER(DataAll!$AO$2:$AO$555),0))} -> 72.13 | O500: {=INDEX(DataAll!$AT$2:$AT$555,MATCH(LOWER(Data!A500),LOWER(DataAll!$AS$2:$AS$555),0))} -> 9.22 | P500: {=INDEX(DataAll!$AU$2:$AU$555,MATCH(LOWER(Data!A500),LOWER(DataAll!$AS$2:$AS$555),0))} -> 8.25 | Q500: {=INDEX(DataAll!$AX$2:$AX$556,MATCH(LOWER(Data!A500),LOWER(DataAll!$AW$2:$AW$556),0))} -> 32.2 | R500: {=INDEX('Longitude and Latitude'!$B$2:$B$579,MATCH(LOWER(Data!A500),LOWER('Longitude and Latitude'!$A$2:$A$579),0))} -> 1.3121235 | S500: {=INDEX('Longitude and Latitude'!$C$2:$C$579,MATCH(LOWER(Data!A500),LOWER('Longitude and Latitude'!$A$2:$A$579),0))} -> 128.48499 | T500: =IF(EXACT(A500, UPPER(A500)), TRUE, FALSE) -> FALSE
A501: Halmahera Timur | B501: 82.59 | C501: {=INDEX(DataAll!$E$2:$E$555,MATCH(LOWER(Data!A501),LOWER(DataAll!$D$2:$D$555),0))} -> 50.05 | D501: {=INDEX(DataAll!$H$2:$H$579,MATCH(LOWER(Data!A501),LOWER(DataAll!$G$2:$G$555),0))} -> 0.597 | E501: {=INDEX(DataAll!$K$2:$K$579,MATCH(LOWER(Data!A501),LOWER(DataAll!$J$2:$J$555),0))} -> 5 | F501: {=INDEX(DataAll!$N$2:$N$555,MATCH(LOWER(Data!A501),LOWER(DataAll!$M$2:$M$555),0))} -> 52.42 | G501: {=INDEX(DataAll!$Q$2:$Q$555,MATCH(LOWER(Data!A501),LOWER(DataAll!$P$2:$P$555),0))} -> 32.27 | H501: {=INDEX(DataAll!$T$2:$T$555,MATCH(LOWER(Data!A501),LOWER(DataAll!$S$2:$S$555),0))} -> 0.316 | I501: {=INDEX(DataAll!$W$2:$W$555,MATCH(LOWER(Data!A501),LOWER(DataAll!$V$2:$V$555),0))} -> 25.63 | J501: {=INDEX(DataAll!$Z$2:$Z$555,MATCH(LOWER(Data!A501),LOWER(DataAll!$Y$2:$Y$555),0))} -> 2.73 | K501: {=INDEX(DataAll!$AM$2:$AM$555,MATCH(LOWER(Data!A501),LOWER(DataAll!$AL$2:$AL$555),0))} -> 12.47 | L501: {=INDEX(DataAll!$AJ$2:$AJ$555,MATCH(LOWER(Data!A501),LOWER(DataAll!$AI$2:$AI$555),0))} -> 28.62 | M501: {=INDEX(DataAll!$AP$2:$AP$555,MATCH(LOWER(Data!A501),LOWER(DataAll!$AO$2:$AO$555),0))} -> 67.97 | N501: {=INDEX(DataAll!$AQ$2:$AQ$555,MATCH(LOWER(Data!A501),LOWER(DataAll!$AO$2:$AO$555),0))} -> 71.92 | O501: {=INDEX(DataAll!$AT$2:$AT$555,MATCH(LOWER(Data!A501),LOWER(DataAll!$AS$2:$AS$555),0))} -> 9.09 | P501: {=INDEX(DataAll!$AU$2:$AU$555,MATCH(LOWER(Data!A501),LOWER(DataAll!$AS$2:$AS$555),0))} -> 8.42 | Q501: {=INDEX(DataAll!$AX$2:$AX$556,MATCH(LOWER(Data!A501),LOWER(DataAll!$AW$2:$AW$556),0))} -> 30.21 | R501: {=INDEX('Longitude and Latitude'!$B$2:$B$579,MATCH(LOWER(Data!A501),LOWER('Longitude and Latitude'!$A$2:$A$579),0))} -> 1.3121235 | S501: {=INDEX('Longitude and Latitude'!$C$2:$C$579,MATCH(LOWER(Data!A501),LOWER('Longitude and Latitude'!$A$2:$A$579),0))} -> 128.48499 | T501: =IF(EXACT(A501, UPPER(A501)), TRUE, FALSE) -> FALSE
A502: Pulau Morotai | B502: 71.58 | C502: {=INDEX(DataAll!$E$2:$E$555,MATCH(LOWER(Data!A502),LOWER(DataAll!$D$2:$D$555),0))} -> 54.56 | D502: {=INDEX(DataAll!$H$2:$H$579,MATCH(LOWER(Data!A502),LOWER(DataAll!$G$2:$G$555),0))} -> 0.556 | E502: {=INDEX(DataAll!$K$2:$K$579,MATCH(LOWER(Data!A502),LOWER(DataAll!$J$2:$J$555),0))} -> 10 | F502: {=INDEX(DataAll!$N$2:$N$555,MATCH(LOWER(Data!A502),LOWER(DataAll!$M$2:$M$555),0))} -> 40.41 | G502: {=INDEX(DataAll!$Q$2:$Q$555,MATCH(LOWER(Data!A502),LOWER(DataAll!$P$2:$P$555),0))} -> 30.64 | H502: {=INDEX(DataAll!$T$2:$T$555,MATCH(LOWER(Data!A502),LOWER(DataAll!$S$2:$S$555),0))} -> 0.336 | I502: {=INDEX(DataAll!$W$2:$W$555,MATCH(LOWER(Data!A502),LOWER(DataAll!$V$2:$V$555),0))} -> 27.13 | J502: {=INDEX(DataAll!$Z$2:$Z$555,MATCH(LOWER(Data!A502),LOWER(DataAll!$Y$2:$Y$555),0))} -> 2.95 | K502: {=INDEX(DataAll!$AM$2:$AM$555,MATCH(LOWER(Data!A502),LOWER(DataAll!$AL$2:$AL$555),0))} -> 5.38 | L502: {=INDEX(DataAll!$AJ$2:$AJ$555,MATCH(LOWER(Data!A502),LOWER(DataAll!$AI$2:$AI$555),0))} -> 35.26 | M502: {=INDEX(DataAll!$AP$2:$AP$555,MATCH(LOWER(Data!A502),LOWER(DataAll!$AO$2:$AO$555),0))} -> 66.16 | N502: {=INDEX(DataAll!$AQ$2:$AQ$555,MATCH(LOWER(Data!A502),LOWER(DataAll!$AO$2:$AO$555),0))} -> 70.15 | O502: {=INDEX(DataAll!$AT$2:$AT$555,MATCH(LOWER(Data!A502),LOWER(DataAll!$AS$2:$AS$555),0))} -> 8.03 | P502: {=INDEX(DataAll!$AU$2:$AU$555,MATCH(LOWER(Data!A502),LOWER(DataAll!$AS$2:$AS$555),0))} -> 7.08 | Q502: {=INDEX(DataAll!$AX$2:$AX$556,MATCH(LOWER(Data!A502),LOWER(DataAll!$AW$2:$AW$556),0))} -> 26.21 | R502: {=INDEX('Longitude and Latitude'!$B$2:$B$579,MATCH(LOWER(Data!A502),LOWER('Longitude and Latitude'!$A$2:$A$579),0))} -> 2 | S502: {=INDEX('Longitude and Latitude'!$C$2:$C$579,MATCH(LOWER(Data!A502),LOWER('Longitude and Latitude'!$A$2:$A$579),0))} -> 128 | T502: =IF(EXACT(A502, UPPER(A502)), TRUE, FALSE) -> FALSE
A503: Pulau Taliabu | B503: 84.51 | C503: {=INDEX(DataAll!$E$2:$E$555,MATCH(LOWER(Data!A503),LOWER(DataAll!$D$2:$D$555),0))} -> 58.6 | D503: {=INDEX(DataAll!$H$2:$H$579,MATCH(LOWER(Data!A503),LOWER(DataAll!$G$2:$G$555),0))} -> 0.617 | E503: {=INDEX(DataAll!$K$2:$K$579,MATCH(LOWER(Data!A503),LOWER(DataAll!$J$2:$J$555),0))} -> 25 | F503: {=INDEX(DataAll!$N$2:$N$555,MATCH(LOWER(Data!A503),LOWER(DataAll!$M$2:$M$555),0))} -> 50.34 | G503: {=INDEX(DataAll!$Q$2:$Q$555,MATCH(LOWER(Data!A503),LOWER(DataAll!$P$2:$P$555),0))} -> 39.21 | H503: {=INDEX(DataAll!$T$2:$T$555,MATCH(LOWER(Data!A503),LOWER(DataAll!$S$2:$S$555),0))} -> 0.362 | I503: {=INDEX(DataAll!$W$2:$W$555,MATCH(LOWER(Data!A503),LOWER(DataAll!$V$2:$V$555),0))} -> 13 | J503: {=INDEX(DataAll!$Z$2:$Z$555,MATCH(LOWER(Data!A503),LOWER(DataAll!$Y$2:$Y$555),0))} -> 2.41 | K503: {=INDEX(DataAll!$AM$2:$AM$555,MATCH(LOWER(Data!A503),LOWER(DataAll!$AL$2:$AL$555),0))} -> 7.31 | L503: {=INDEX(DataAll!$AJ$2:$AJ$555,MATCH(LOWER(Data!A503),LOWER(DataAll!$AI$2:$AI$555),0))} -> 33.12 | M503: {=INDEX(DataAll!$AP$2:$AP$555,MATCH(LOWER(Data!A503),LOWER(DataAll!$AO$2:$AO$555),0))} -> 60.95 | N503: {=INDEX(DataAll!$AQ$2:$AQ$555,MATCH(LOWER(Data!A503),LOWER(DataAll!$AO$2:$AO$555),0))} -> 64.72 | O503: {=INDEX(DataAll!$AT$2:$AT$555,MATCH(LOWER(Data!A503),LOWER(DataAll!$AS$2:$AS$555),0))} -> 8.33 | P503: {=INDEX(DataAll!$AU$2:$AU$555,MATCH(LOWER(Data!A503),LOWER(DataAll!$AS$2:$AS$555),0))} -> 7.76 | Q503: {=INDEX(DataAll!$AX$2:$AX$556,MATCH(LOWER(Data!A503),LOWER(DataAll!$AW$2:$AW$556),0))} -> 22.37 | R503: {=INDEX('Longitude and Latitude'!$B$2:$B$579,MATCH(LOWER(Data!A503),LOWER('Longitude and Latitude'!$A$2:$A$579),0))} -> -1.8 | S503: {=INDEX('Longitude and Latitude'!$C$2:$C$579,MATCH(LOWER(Data!A503),LOWER('Longitude and Latitude'!$A$2:$A$579),0))} -> 124.8 | T503: =IF(EXACT(A503, UPPER(A503)), TRUE, FALSE) -> FALSE
A504: Kota Ternate | B504: 92.37 | C504: {=INDEX(DataAll!$E$2:$E$555,MATCH(LOWER(Data!A504),LOWER(DataAll!$D$2:$D$555),0))} -> 74.45 | D504: {=INDEX(DataAll!$H$2:$H$579,MATCH(LOWER(Data!A504),LOWER(DataAll!$G$2:$G$555),0))} -> 0.406 | E504: {=INDEX(DataAll!$K$2:$K$579,MATCH(LOWER(Data!A504),LOWER(DataAll!$J$2:$J$555),0))} -> 20 | F504: {=INDEX(DataAll!$N$2:$N$555,MATCH(LOWER(Data!A504),LOWER(DataAll!$M$2:$M$555),0))} -> 49.26 | G504: {=INDEX(DataAll!$Q$2:$Q$555,MATCH(LOWER(Data!A504),LOWER(DataAll!$P$2:$P$555),0))} -> 17.86 | H504: {=INDEX(DataAll!$T$2:$T$555,MATCH(LOWER(Data!A504),LOWER(DataAll!$S$2:$S$555),0))} -> 0.229 | I504: {=INDEX(DataAll!$W$2:$W$555,MATCH(LOWER(Data!A504),LOWER(DataAll!$V$2:$V$555),0))} -> 36.52 | J504: {=INDEX(DataAll!$Z$2:$Z$555,MATCH(LOWER(Data!A504),LOWER(DataAll!$Y$2:$Y$555),0))} -> 2.07 | K504: {=INDEX(DataAll!$AM$2:$AM$555,MATCH(LOWER(Data!A504),LOWER(DataAll!$AL$2:$AL$555),0))} -> 3.39 | L504: {=INDEX(DataAll!$AJ$2:$AJ$555,MATCH(LOWER(Data!A504),LOWER(DataAll!$AI$2:$AI$555),0))} -> 26.06 | M504: {=INDEX(DataAll!$AP$2:$AP$555,MATCH(LOWER(Data!A504),LOWER(DataAll!$AO$2:$AO$555),0))} -> 69.76 | N504: {=INDEX(DataAll!$AQ$2:$AQ$555,MATCH(LOWER(Data!A504),LOWER(DataAll!$AO$2:$AO$555),0))} -> 73.74 | O504: {=INDEX(DataAll!$AT$2:$AT$555,MATCH(LOWER(Data!A504),LOWER(DataAll!$AS$2:$AS$555),0))} -> 12.34 | P504: {=INDEX(DataAll!$AU$2:$AU$555,MATCH(LOWER(Data!A504),LOWER(DataAll!$AS$2:$AS$555),0))} -> 11.7 | Q504: {=INDEX(DataAll!$AX$2:$AX$556,MATCH(LOWER(Data!A504),LOWER(DataAll!$AW$2:$AW$556),0))} -> 67.14 | R504: {=INDEX('Longitude and Latitude'!$B$2:$B$579,MATCH(LOWER(Data!A504),LOWER('Longitude and Latitude'!$A$2:$A$579),0))} -> 0.7833333 | S504: {=INDEX('Longitude and Latitude'!$C$2:$C$579,MATCH(LOWER(Data!A504),LOWER('Longitude and Latitude'!$A$2:$A$579),0))} -> 127.36667 | T504: =IF(EXACT(A504, UPPER(A504)), TRUE, FALSE) -> FALSE
A505: Kota Tidore Kepulauan | B505: 96.34 | C505: {=INDEX(DataAll!$E$2:$E$555,MATCH(LOWER(Data!A505),LOWER(DataAll!$D$2:$D$555),0))} -> 67.74 | D505: {=INDEX(DataAll!$H$2:$H$579,MATCH(LOWER(Data!A505),LOWER(DataAll!$G$2:$G$555),0))} -> 0.471 | E505: {=INDEX(DataAll!$K$2:$K$579,MATCH(LOWER(Data!A505),LOWER(DataAll!$J$2:$J$555),0))} -> 16 | F505: {=INDEX(DataAll!$N$2:$N$555,MATCH(LOWER(Data!A505),LOWER(DataAll!$M$2:$M$555),0))} -> 50.25 | G505: {=INDEX(DataAll!$Q$2:$Q$555,MATCH(LOWER(Data!A505),LOWER(DataAll!$P$2:$P$555),0))} -> 26.77 | H505: {=INDEX(DataAll!$T$2:$T$555,MATCH(LOWER(Data!A505),LOWER(DataAll!$S$2:$S$555),0))} -> 0.199 | I505: {=INDEX(DataAll!$W$2:$W$555,MATCH(LOWER(Data!A505),LOWER(DataAll!$V$2:$V$555),0))} -> 33.19 | J505: {=INDEX(DataAll!$Z$2:$Z$555,MATCH(LOWER(Data!A505),LOWER(DataAll!$Y$2:$Y$555),0))} -> 2.11 | K505: {=INDEX(DataAll!$AM$2:$AM$555,MATCH(LOWER(Data!A505),LOWER(DataAll!$AL$2:$AL$555),0))} -> 6.35 | L505: {=INDEX(DataAll!$AJ$2:$AJ$555,MATCH(LOWER(Data!A505),LOWER(DataAll!$AI$2:$AI$555),0))} -> 27.64 | M505: {=INDEX(DataAll!$AP$2:$AP$555,MATCH(LOWER(Data!A505),LOWER(DataAll!$AO$2:$AO$555),0))} -> 68.18 | N505: {=INDEX(DataAll!$AQ$2:$AQ$555,MATCH(LOWER(Data!A505),LOWER(DataAll!$AO$2:$AO$555),0))} -> 72.12 | O505: {=INDEX(DataAll!$AT$2:$AT$555,MATCH(LOWER(Data!A505),LOWER(DataAll!$AS$2:$AS$555),0))} -> 10.48 | P505: {=INDEX(DataAll!$AU$2:$AU$555,MATCH(LOWER(Data!A505),LOWER(DataAll!$AS$2:$AS$555),0))} -> 9.81 | Q505: {=INDEX(DataAll!$AX$2:$AX$556,MATCH(LOWER(Data!A505),LOWER(DataAll!$AW$2:$AW$556),0))} -> 43.94 | R505: {=INDEX('Longitude and Latitude'!$B$2:$B$579,MATCH(LOWER(Data!A505),LOWER('Longitude and Latitude'!$A$2:$A$579),0))} -> 0.6833333 | S505: {=INDEX('Longitude and Latitude'!$C$2:$C$579,MATCH(LOWER(Data!A505),LOWER('Longitude and Latitude'!$A$2:$A$579),0))} -> 127.4 | T505: =IF(EXACT(A505, UPPER(A505)), TRUE, FALSE) -> FALSE
A506: PAPUA BARAT | B506: 84.18 | C506: {=INDEX(DataAll!$E$2:$E$555,MATCH(LOWER(Data!A506),LOWER(DataAll!$D$2:$D$555),0))} -> 62.42 | D506: {=INDEX(DataAll!$H$2:$H$579,MATCH(LOWER(Data!A506),LOWER(DataAll!$G$2:$G$555),0))} -> 0.537 | E506: {=INDEX(DataAll!$K$2:$K$579,MATCH(LOWER(Data!A506),LOWER(DataAll!$J$2:$J$555),0))} -> 14.29 | F506: {=INDEX(DataAll!$N$2:$N$555,MATCH(LOWER(Data!A506),LOWER(DataAll!$M$2:$M$555),0))} -> 42.4 | G506: {=INDEX(DataAll!$Q$2:$Q$555,MATCH(LOWER(Data!A506),LOWER(DataAll!$P$2:$P$555),0))} -> #N/A | H506: {=INDEX(DataAll!$T$2:$T$555,MATCH(LOWER(Data!A506),LOWER(DataAll!$S$2:$S$555),0))} -> 0.299 | I506: {=INDEX(DataAll!$W$2:$W$555,MATCH(LOWER(Data!A506),LOWER(DataAll!$V$2:$V$555),0))} -> 28.46 | J506: {=INDEX(DataAll!$Z$2:$Z$555,MATCH(LOWER(Data!A506),LOWER(DataAll!$Y$2:$Y$555),0))} -> 2.66 | K506: {=INDEX(DataAll!$AM$2:$AM$555,MATCH(LOWER(Data!A506),LOWER(DataAll!$AL$2:$AL$555),0))} -> 20.49 | L506: {=INDEX(DataAll!$AJ$2:$AJ$555,MATCH(LOWER(Data!A506),LOWER(DataAll!$AI$2:$AI$555),0))} -> 47.23 | M506: {=INDEX(DataAll!$AP$2:$AP$555,MATCH(LOWER(Data!A506),LOWER(DataAll!$AO$2:$AO$555),0))} -> 64.88 | N506: {=INDEX(DataAll!$AQ$2:$AQ$555,MATCH(LOWER(Data!A506),LOWER(DataAll!$AO$2:$AO$555),0))} -> 68.81 | O506: {=INDEX(DataAll!$AT$2:$AT$555,MATCH(LOWER(Data!A506),LOWER(DataAll!$AS$2:$AS$555),0))} -> 10.46 | P506: {=INDEX(DataAll!$AU$2:$AU$555,MATCH(LOWER(Data!A506),LOWER(DataAll!$AS$2:$AS$555),0))} -> 7.88 | Q506: {=INDEX(DataAll!$AX$2:$AX$556,MATCH(LOWER(Data!A506),LOWER(DataAll!$AW$2:$AW$556),0))} -> 49.64 | R506: {=INDEX('Longitude and Latitude'!$B$2:$B$579,MATCH(LOWER(Data!A506),LOWER('Longitude and Latitude'!$A$2:$A$579),0))} -> -1.3361154 | S506: {=INDEX('Longitude and Latitude'!$C$2:$C$579,MATCH(LOWER(Data!A506),LOWER('Longitude and Latitude'!$A$2:$A$579),0))} -> 133.17472 | T506: =IF(EXACT(A506, UPPER(A506)), TRUE, FALSE) -> TRUE
A507: Fakfak | B507: 83.88 | C507: {=INDEX(DataAll!$E$2:$E$555,MATCH(LOWER(Data!A507),LOWER(DataAll!$D$2:$D$555),0))} -> 59.49 | D507: {=INDEX(DataAll!$H$2:$H$579,MATCH(LOWER(Data!A507),LOWER(DataAll!$G$2:$G$555),0))} -> 0.524 | E507: {=INDEX(DataAll!$K$2:$K$579,MATCH(LOWER(Data!A507),LOWER(DataAll!$J$2:$J$555),0))} -> 10 | F507: {=INDEX(DataAll!$N$2:$N$555,MATCH(LOWER(Data!A507),LOWER(DataAll!$M$2:$M$555),0))} -> 41.12 | G507: {=INDEX(DataAll!$Q$2:$Q$555,MATCH(LOWER(Data!A507),LOWER(DataAll!$P$2:$P$555),0))} -> 24.29 | H507: {=INDEX(DataAll!$T$2:$T$555,MATCH(LOWER(Data!A507),LOWER(DataAll!$S$2:$S$555),0))} -> 0.261 | I507: {=INDEX(DataAll!$W$2:$W$555,MATCH(LOWER(Data!A507),LOWER(DataAll!$V$2:$V$555),0))} -> 31.26 | J507: {=INDEX(DataAll!$Z$2:$Z$555,MATCH(LOWER(Data!A507),LOWER(DataAll!$Y$2:$Y$555),0))} -> 2.47 | K507: {=INDEX(DataAll!$AM$2:$AM$555,MATCH(LOWER(Data!A507),LOWER(DataAll!$AL$2:$AL$555),0))} -> 21.38 | L507: {=INDEX(DataAll!$AJ$2:$AJ$555,MATCH(LOWER(Data!A507),LOWER(DataAll!$AI$2:$AI$555),0))} -> 30.16 | M507: {=INDEX(DataAll!$AP$2:$AP$555,MATCH(LOWER(Data!A507),LOWER(DataAll!$AO$2:$AO$555),0))} -> 67.08 | N507: {=INDEX(DataAll!$AQ$2:$AQ$555,MATCH(LOWER(Data!A507),LOWER(DataAll!$AO$2:$AO$555),0))} -> 71.05 | O507: {=INDEX(DataAll!$AT$2:$AT$555,MATCH(LOWER(Data!A507),LOWER(DataAll!$AS$2:$AS$555),0))} -> 10.81 | P507: {=INDEX(DataAll!$AU$2:$AU$555,MATCH(LOWER(Data!A507),LOWER(DataAll!$AS$2:$AS$555),0))} -> 8.69 | Q507: {=INDEX(DataAll!$AX$2:$AX$556,MATCH(LOWER(Data!A507),LOWER(DataAll!$AW$2:$AW$556),0))} -> 56.06 | R507: {=INDEX('Longitude and Latitude'!$B$2:$B$579,MATCH(LOWER(Data!A507),LOWER('Longitude and Latitude'!$A$2:$A$579),0))} -> -2.885237 | S507: {=INDEX('Longitude and Latitude'!$C$2:$C$579,MATCH(LOWER(Data!A507),LOWER('Longitude and Latitude'!$A$2:$A$579),0))} -> 132.26583 | T507: =IF(EXACT(A507, UPPER(A507)), TRUE, FALSE) -> FALSE
A508: Kaimana | B508: 84.3 | C508: {=INDEX(DataAll!$E$2:$E$555,MATCH(LOWER(Data!A508),LOWER(DataAll!$D$2:$D$555),0))} -> 80.75 | D508: {=INDEX(DataAll!$H$2:$H$579,MATCH(LOWER(Data!A508),LOWER(DataAll!$G$2:$G$555),0))} -> 0.511 | E508: {=INDEX(DataAll!$K$2:$K$579,MATCH(LOWER(Data!A508),LOWER(DataAll!$J$2:$J$555),0))} -> 30 | F508: {=INDEX(DataAll!$N$2:$N$555,MATCH(LOWER(Data!A508),LOWER(DataAll!$M$2:$M$555),0))} -> 51.13 | G508: {=INDEX(DataAll!$Q$2:$Q$555,MATCH(LOWER(Data!A508),LOWER(DataAll!$P$2:$P$555),0))} -> 21.91 | H508: {=INDEX(DataAll!$T$2:$T$555,MATCH(LOWER(Data!A508),LOWER(DataAll!$S$2:$S$555),0))} -> 0.247 | I508: {=INDEX(DataAll!$W$2:$W$555,MATCH(LOWER(Data!A508),LOWER(DataAll!$V$2:$V$555),0))} -> 37.5 | J508: {=INDEX(DataAll!$Z$2:$Z$555,MATCH(LOWER(Data!A508),LOWER(DataAll!$Y$2:$Y$555),0))} -> 2.84 | K508: {=INDEX(DataAll!$AM$2:$AM$555,MATCH(LOWER(Data!A508),LOWER(DataAll!$AL$2:$AL$555),0))} -> 14.57 | L508: {=INDEX(DataAll!$AJ$2:$AJ$555,MATCH(LOWER(Data!A508),LOWER(DataAll!$AI$2:$AI$555),0))} -> 44.19 | M508: {=INDEX(DataAll!$AP$2:$AP$555,MATCH(LOWER(Data!A508),LOWER(DataAll!$AO$2:$AO$555),0))} -> 63.74 | N508: {=INDEX(DataAll!$AQ$2:$AQ$555,MATCH(LOWER(Data!A508),LOWER(DataAll!$AO$2:$AO$555),0))} -> 67.61 | O508: {=INDEX(DataAll!$AT$2:$AT$555,MATCH(LOWER(Data!A508),LOWER(DataAll!$AS$2:$AS$555),0))} -> 10.24 | P508: {=INDEX(DataAll!$AU$2:$AU$555,MATCH(LOWER(Data!A508),LOWER(DataAll!$AS$2:$AS$555),0))} -> 7.97 | Q508: {=INDEX(DataAll!$AX$2:$AX$556,MATCH(LOWER(Data!A508),LOWER(DataAll!$AW$2:$AW$556),0))} -> 46.95 | R508: {=INDEX('Longitude and Latitude'!$B$2:$B$579,MATCH(LOWER(Data!A508),LOWER('Longitude and Latitude'!$A$2:$A$579),0))} -> -3.660925 | S508: {=INDEX('Longitude and Latitude'!$C$2:$C$579,MATCH(LOWER(Data!A508),LOWER('Longitude and Latitude'!$A$2:$A$579),0))} -> 133.77451 | T508: =IF(EXACT(A508, UPPER(A508)), TRUE, FALSE) -> FALSE
A509: Teluk Wondama | B509: 79.72 | C509: {=INDEX(DataAll!$E$2:$E$555,MATCH(LOWER(Data!A509),LOWER(DataAll!$D$2:$D$555),0))} -> 52.94 | D509: {=INDEX(DataAll!$H$2:$H$579,MATCH(LOWER(Data!A509),LOWER(DataAll!$G$2:$G$555),0))} -> 0.587 | E509: {=INDEX(DataAll!$K$2:$K$579,MATCH(LOWER(Data!A509),LOWER(DataAll!$J$2:$J$555),0))} -> 10 | F509: {=INDEX(DataAll!$N$2:$N$555,MATCH(LOWER(Data!A509),LOWER(DataAll!$M$2:$M$555),0))} -> 38.77 | G509: {=INDEX(DataAll!$Q$2:$Q$555,MATCH(LOWER(Data!A509),LOWER(DataAll!$P$2:$P$555),0))} -> 28.47 | H509: {=INDEX(DataAll!$T$2:$T$555,MATCH(LOWER(Data!A509),LOWER(DataAll!$S$2:$S$555),0))} -> 0.29 | I509: {=INDEX(DataAll!$W$2:$W$555,MATCH(LOWER(Data!A509),LOWER(DataAll!$V$2:$V$555),0))} -> 22.08 | J509: {=INDEX(DataAll!$Z$2:$Z$555,MATCH(LOWER(Data!A509),LOWER(DataAll!$Y$2:$Y$555),0))} -> 4.05 | K509: {=INDEX(DataAll!$AM$2:$AM$555,MATCH(LOWER(Data!A509),LOWER(DataAll!$AL$2:$AL$555),0))} -> 28.9 | L509: {=INDEX(DataAll!$AJ$2:$AJ$555,MATCH(LOWER(Data!A509),LOWER(DataAll!$AI$2:$AI$555),0))} -> 66.69 | M509: {=INDEX(DataAll!$AP$2:$AP$555,MATCH(LOWER(Data!A509),LOWER(DataAll!$AO$2:$AO$555),0))} -> 59.07 | N509: {=INDEX(DataAll!$AQ$2:$AQ$555,MATCH(LOWER(Data!A509),LOWER(DataAll!$AO$2:$AO$555),0))} -> 62.75 | O509: {=INDEX(DataAll!$AT$2:$AT$555,MATCH(LOWER(Data!A509),LOWER(DataAll!$AS$2:$AS$555),0))} -> 9.52 | P509: {=INDEX(DataAll!$AU$2:$AU$555,MATCH(LOWER(Data!A509),LOWER(DataAll!$AS$2:$AS$555),0))} -> 7.27 | Q509: {=INDEX(DataAll!$AX$2:$AX$556,MATCH(LOWER(Data!A509),LOWER(DataAll!$AW$2:$AW$556),0))} -> 34.29 | R509: {=INDEX('Longitude and Latitude'!$B$2:$B$579,MATCH(LOWER(Data!A509),LOWER('Longitude and Latitude'!$A$2:$A$579),0))} -> -2.8551699 | S509: {=INDEX('Longitude and Latitude'!$C$2:$C$579,MATCH(LOWER(Data!A509),LOWER('Longitude and Latitude'!$A$2:$A$579),0))} -> 134.32366 | T509: =IF(EXACT(A509, UPPER(A509)), TRUE, FALSE) -> FALSE
A510: Teluk Bintuni | B510: 86.5 | C510: {=INDEX(DataAll!$E$2:$E$555,MATCH(LOWER(Data!A510),LOWER(DataAll!$D$2:$D$555),0))} -> 53.82 | D510: {=INDEX(DataAll!$H$2:$H$579,MATCH(LOWER(Data!A510),LOWER(DataAll!$G$2:$G$555),0))} -> 0.564 | E510: {=INDEX(DataAll!$K$2:$K$579,MATCH(LOWER(Data!A510),LOWER(DataAll!$J$2:$J$555),0))} -> 10 | F510: {=INDEX(DataAll!$N$2:$N$555,MATCH(LOWER(Data!A510),LOWER(DataAll!$M$2:$M$555),0))} -> 33.42 | G510: {=INDEX(DataAll!$Q$2:$Q$555,MATCH(LOWER(Data!A510),LOWER(DataAll!$P$2:$P$555),0))} -> 21.48 | H510: {=INDEX(DataAll!$T$2:$T$555,MATCH(LOWER(Data!A510),LOWER(DataAll!$S$2:$S$555),0))} -> 0.365 | I510: {=INDEX(DataAll!$W$2:$W$555,MATCH(LOWER(Data!A510),LOWER(DataAll!$V$2:$V$555),0))} -> 25.01 | J510: {=INDEX(DataAll!$Z$2:$Z$555,MATCH(LOWER(Data!A510),LOWER(DataAll!$Y$2:$Y$555),0))} -> 2.48 | K510: {=INDEX(DataAll!$AM$2:$AM$555,MATCH(LOWER(Data!A510),LOWER(DataAll!$AL$2:$AL$555),0))} -> 28.24 | L510: {=INDEX(DataAll!$AJ$2:$AJ$555,MATCH(LOWER(Data!A510),LOWER(DataAll!$AI$2:$AI$555),0))} -> 56.95 | M510: {=INDEX(DataAll!$AP$2:$AP$555,MATCH(LOWER(Data!A510),LOWER(DataAll!$AO$2:$AO$555),0))} -> 59.95 | N510: {=INDEX(DataAll!$AQ$2:$AQ$555,MATCH(LOWER(Data!A510),LOWER(DataAll!$AO$2:$AO$555),0))} -> 63.67 | O510: {=INDEX(DataAll!$AT$2:$AT$555,MATCH(LOWER(Data!A510),LOWER(DataAll!$AS$2:$AS$555),0))} -> 9.71 | P510: {=INDEX(DataAll!$AU$2:$AU$555,MATCH(LOWER(Data!A510),LOWER(DataAll!$AS$2:$AS$555),0))} -> 8.5 | Q510: {=INDEX(DataAll!$AX$2:$AX$556,MATCH(LOWER(Data!A510),LOWER(DataAll!$AW$2:$AW$556),0))} -> 45.17 | R510: {=INDEX('Longitude and Latitude'!$B$2:$B$579,MATCH(LOWER(Data!A510),LOWER('Longitude and Latitude'!$A$2:$A$579),0))} -> -1.9056848 | S510: {=INDEX('Longitude and Latitude'!$C$2:$C$579,MATCH(LOWER(Data!A510),LOWER('Longitude and Latitude'!$A$2:$A$579),0))} -> 133.32947 | T510: =IF(EXACT(A510, UPPER(A510)), TRUE, FALSE) -> FALSE
... A514: Raja Ampat | B514: 79.02 | C514: {=INDEX(DataAll!$E$2:$E$555,MATCH(LOWER(Data!A514),LOWER(DataAll!$D$2:$D$555),0))} -> 53.96 | D514: {=INDEX(DataAll!$H$2:$H$579,MATCH(LOWER(Data!A514),LOWER(DataAll!$G$2:$G$555),0))} -> 0.622 | E514: {=INDEX(DataAll!$K$2:$K$579,MATCH(LOWER(Data!A514),LOWER(DataAll!$J$2:$J$555),0))} -> 10 | F514: {=INDEX(DataAll!$N$2:$N$555,MATCH(LOWER(Data!A514),LOWER(DataAll!$M$2:$M$555),0))} -> 44.95 | G514: {=INDEX(DataAll!$Q$2:$Q$555,MATCH(LOWER(Data!A514),LOWER(DataAll!$P$2:$P$555),0))} -> 33.62 | H514: {=INDEX(DataAll!$T$2:$T$555,MATCH(LOWER(Data!A514),LOWER(DataAll!$S$2:$S$555),0))} -> 0.338 | I514: {=INDEX(DataAll!$W$2:$W$555,MATCH(LOWER(Data!A514),LOWER(DataAll!$V$2:$V$555),0))} -> 25.16 | J514: {=INDEX(DataAll!$Z$2:$Z$555,MATCH(LOWER(Data!A514),LOWER(DataAll!$Y$2:$Y$555),0))} -> 3.6 | K514: {=INDEX(DataAll!$AM$2:$AM$555,MATCH(LOWER(Data!A514),LOWER(DataAll!$AL$2:$AL$555),0))} -> 16.76 | L514: {=INDEX(DataAll!$AJ$2:$AJ$555,MATCH(LOWER(Data!A514),LOWER(DataAll!$AI$2:$AI$555),0))} -> 54.74 | M514: {=INDEX(DataAll!$AP$2:$AP$555,MATCH(LOWER(Data!A514),LOWER(DataAll!$AO$2:$AO$555),0))} -> 63.53 | N514: {=INDEX(DataAll!$AQ$2:$AQ$555,MATCH(LOWER(Data!A514),LOWER(DataAll!$AO$2:$AO$555),0))} -> 67.39 | O514: {=INDEX(DataAll!$AT$2:$AT$555,MATCH(LOWER(Data!A514),LOWER(DataAll!$AS$2:$AS$555),0))} -> 9.38 | P514: {=INDEX(DataAll!$AU$2:$AU$555,MATCH(LOWER(Data!A514),LOWER(DataAll!$AS$2:$AS$555),0))} -> 7.99 | Q514: {=INDEX(DataAll!$AX$2:$AX$556,MATCH(LOWER(Data!A514),LOWER(DataAll!$AW$2:$AW$556),0))} -> 30.66 | R514: {=INDEX('Longitude and Latitude'!$B$2:$B$579,MATCH(LOWER(Data!A514),LOWER('Longitude and Latitude'!$A$2:$A$579),0))} -> -1.0915151 | S514: {=INDEX('Longitude and Latitude'!$C$2:$C$579,MATCH(LOWER(Data!A514),LOWER('Longitude and Latitude'!$A$2:$A$579),0))} -> 130.87786 | T514: =IF(EXACT(A514, UPPER(A514)), TRUE, FALSE) -> FALSE
A515: Tambrauw | B515: 70.18 | C515: {=INDEX(DataAll!$E$2:$E$555,MATCH(LOWER(Data!A515),LOWER(DataAll!$D$2:$D$555),0))} -> 40.03 | D515: {=INDEX(DataAll!$H$2:$H$579,MATCH(LOWER(Data!A515),LOWER(DataAll!$G$2:$G$555),0))} -> 0.842 | F515: {=INDEX(DataAll!$N$2:$N$555,MATCH(LOWER(Data!A515),LOWER(DataAll!$M$2:$M$555),0))} -> 51.69 | G515: {=INDEX(DataAll!$Q$2:$Q$555,MATCH(LOWER(Data!A515),LOWER(DataAll!$P$2:$P$555),0))} -> 34.92 | H515: {=INDEX(DataAll!$T$2:$T$555,MATCH(LOWER(Data!A515),LOWER(DataAll!$S$2:$S$555),0))} -> 0.27 | I515: {=INDEX(DataAll!$W$2:$W$555,MATCH(LOWER(Data!A515),LOWER(DataAll!$V$2:$V$555),0))} -> 37.57 | J515: {=INDEX(DataAll!$Z$2:$Z$555,MATCH(LOWER(Data!A515),LOWER(DataAll!$Y$2:$Y$555),0))} -> 4.08 | K515: {=INDEX(DataAll!$AM$2:$AM$555,MATCH(LOWER(Data!A515),LOWER(DataAll!$AL$2:$AL$555),0))} -> 31.23 | L515: {=INDEX(DataAll!$AJ$2:$AJ$555,MATCH(LOWER(Data!A515),LOWER(DataAll!$AI$2:$AI$555),0))} -> 71.14 | M515: {=INDEX(DataAll!$AP$2:$AP$555,MATCH(LOWER(Data!A515),LOWER(DataAll!$AO$2:$AO$555),0))} -> 59.34 | N515: {=INDEX(DataAll!$AQ$2:$AQ$555,MATCH(LOWER(Data!A515),LOWER(DataAll!$AO$2:$AO$555),0))} -> 63.03 | O515: {=INDEX(DataAll!$AT$2:$AT$555,MATCH(LOWER(Data!A515),LOWER(DataAll!$AS$2:$AS$555),0))} -> 7.89 | P515: {=INDEX(DataAll!$AU$2:$AU$555,MATCH(LOWER(Data!A515),LOWER(DataAll!$AS$2:$AS$555),0))} -> 5.4 | Q515: {=INDEX(DataAll!$AX$2:$AX$556,MATCH(LOWER(Data!A515),LOWER(DataAll!$AW$2:$AW$556),0))} -> 36.62 | R515: {=INDEX('Longitude and Latitude'!$B$2:$B$579,MATCH(LOWER(Data!A515),LOWER('Longitude and Latitude'!$A$2:$A$579),0))} -> -0.60515 | S515: {=INDEX('Longitude and Latitude'!$C$2:$C$579,MATCH(LOWER(Data!A515),LOWER('Longitude and Latitude'!$A$2:$A$579),0))} -> 132.48962 | T515: =IF(EXACT(A515, UPPER(A515)), TRUE, FALSE) -> FALSE
A516: Maybrat | B516: 79.02 | C516: {=INDEX(DataAll!$E$2:$E$555,MATCH(LOWER(Data!A516),LOWER(DataAll!$D$2:$D$555),0))} -> 45.08 | D516: {=INDEX(DataAll!$H$2:$H$579,MATCH(LOWER(Data!A516),LOWER(DataAll!$G$2:$G$555),0))} -> 0.803 | F516: {=INDEX(DataAll!$N$2:$N$555,MATCH(LOWER(Data!A516),LOWER(DataAll!$M$2:$M$555),0))} -> 48.12 | G516: {=INDEX(DataAll!$Q$2:$Q$555,MATCH(LOWER(Data!A516),LOWER(DataAll!$P$2:$P$555),0))} -> 18.13 | H516: {=INDEX(DataAll!$T$2:$T$555,MATCH(LOWER(Data!A516),LOWER(DataAll!$S$2:$S$555),0))} -> 0.206 | I516: {=INDEX(DataAll!$W$2:$W$555,MATCH(LOWER(Data!A516),LOWER(DataAll!$V$2:$V$555),0))} -> 31.03 | J516: {=INDEX(DataAll!$Z$2:$Z$555,MATCH(LOWER(Data!A516),LOWER(DataAll!$Y$2:$Y$555),0))} -> 3.49 | K516: {=INDEX(DataAll!$AM$2:$AM$555,MATCH(LOWER(Data!A516),LOWER(DataAll!$AL$2:$AL$555),0))} -> 30.28 | L516: {=INDEX(DataAll!$AJ$2:$AJ$555,MATCH(LOWER(Data!A516),LOWER(DataAll!$AI$2:$AI$555),0))} -> 71.14 | M516: {=INDEX(DataAll!$AP$2:$AP$555,MATCH(LOWER(Data!A516),LOWER(DataAll!$AO$2:$AO$555),0))} -> 63.92 | N516: {=INDEX(DataAll!$AQ$2:$AQ$555,MATCH(LOWER(Data!A516),LOWER(DataAll!$AO$2:$AO$555),0))} -> 67.8 | O516: {=INDEX(DataAll!$AT$2:$AT$555,MATCH(LOWER(Data!A516),LOWER(DataAll!$AS$2:$AS$555),0))} -> 9.43 | P516: {=INDEX(DataAll!$AU$2:$AU$555,MATCH(LOWER(Data!A516),LOWER(DataAll!$AS$2:$AS$555),0))} -> 6.93 | Q516: {=INDEX(DataAll!$AX$2:$AX$556,MATCH(LOWER(Data!A516),LOWER(DataAll!$AW$2:$AW$556),0))} -> 48.34 | R516: {=INDEX('Longitude and Latitude'!$B$2:$B$579,MATCH(LOWER(Data!A516),LOWER('Longitude and Latitude'!$A$2:$A$579),0))} -> -1.2155 | S516: {=INDEX('Longitude and Latitude'!$C$2:$C$579,MATCH(LOWER(Data!A516),LOWER('Longitude and Latitude'!$A$2:$A$579),0))} -> 132.35092 | T516: =IF(EXACT(A516, UPPER(A516)), TRUE, FALSE) -> FALSE
A517: Manokwari Selatan | B517: 66.82 | C517: {=INDEX(DataAll!$E$2:$E$555,MATCH(LOWER(Data!A517),LOWER(DataAll!$D$2:$D$555),0))} -> 63.86 | D517: {=INDEX(DataAll!$H$2:$H$579,MATCH(LOWER(Data!A517),LOWER(DataAll!$G$2:$G$555),0))} -> 0.48 | E517: {=INDEX(DataAll!$K$2:$K$579,MATCH(LOWER(Data!A517),LOWER(DataAll!$J$2:$J$555),0))} -> 20 | F517: {=INDEX(DataAll!$N$2:$N$555,MATCH(LOWER(Data!A517),LOWER(DataAll!$M$2:$M$555),0))} -> 32.09 | G517: {=INDEX(DataAll!$Q$2:$Q$555,MATCH(LOWER(Data!A517),LOWER(DataAll!$P$2:$P$555),0))} -> 27 | H517: {=INDEX(DataAll!$T$2:$T$555,MATCH(LOWER(Data!A517),LOWER(DataAll!$S$2:$S$555),0))} -> 0.384 | I517: {=INDEX(DataAll!$W$2:$W$555,MATCH(LOWER(Data!A517),LOWER(DataAll!$V$2:$V$555),0))} -> 66.33 | J517: {=INDEX(DataAll!$Z$2:$Z$555,MATCH(LOWER(Data!A517),LOWER(DataAll!$Y$2:$Y$555),0))} -> 2.62 | K517: {=INDEX(DataAll!$AM$2:$AM$555,MATCH(LOWER(Data!A517),LOWER(DataAll!$AL$2:$AL$555),0))} -> 27.8 | L517: {=INDEX(DataAll!$AJ$2:$AJ$555,MATCH(LOWER(Data!A517),LOWER(DataAll!$AI$2:$AI$555),0))} -> 54.99 | M517: {=INDEX(DataAll!$AP$2:$AP$555,MATCH(LOWER(Data!A517),LOWER(DataAll!$AO$2:$AO$555),0))} -> 66.14 | N517: {=INDEX(DataAll!$AQ$2:$AQ$555,MATCH(LOWER(Data!A517),LOWER(DataAll!$AO$2:$AO$555),0))} -> 70.13 | O517: {=INDEX(DataAll!$AT$2:$AT$555,MATCH(LOWER(Data!A517),LOWER(DataAll!$AS$2:$AS$555),0))} -> 9.75 | P517: {=INDEX(DataAll!$AU$2:$AU$555,MATCH(LOWER(Data!A517),LOWER(DataAll!$AS$2:$AS$555),0))} -> 6.31 | Q517: {=INDEX(DataAll!$AX$2:$AX$556,MATCH(LOWER(Data!A517),LOWER(DataAll!$AW$2:$AW$556),0))} -> 40.84 | R517: {=INDEX('Longitude and Latitude'!$B$2:$B$579,MATCH(LOWER(Data!A517),LOWER('Longitude and Latitude'!$A$2:$A$579),0))} -> -1.0798 | S517: {=INDEX('Longitude and Latitude'!$C$2:$C$579,MATCH(LOWER(Data!A517),LOWER('Longitude and Latitude'!$A$2:$A$579),0))} -> 133.96729 | T517: =IF(EXACT(A517, UPPER(A517)), TRUE, FALSE) -> FALSE
A518: Pegunungan Arfak | B518: 78.94 | C518: {=INDEX(DataAll!$E$2:$E$555,MATCH(LOWER(Data!A518),LOWER(DataAll!$D$2:$D$555),0))} -> 38.21 | D518: {=INDEX(DataAll!$H$2:$H$579,MATCH(LOWER(Data!A518),LOWER(DataAll!$G$2:$G$555),0))} -> 0.651 | E518: {=INDEX(DataAll!$K$2:$K$579,MATCH(LOWER(Data!A518),LOWER(DataAll!$J$2:$J$555),0))} -> 5 | F518: {=INDEX(DataAll!$N$2:$N$555,MATCH(LOWER(Data!A518),LOWER(DataAll!$M$2:$M$555),0))} -> 25.97 | G518: {=INDEX(DataAll!$Q$2:$Q$555,MATCH(LOWER(Data!A518),LOWER(DataAll!$P$2:$P$555),0))} -> 48.23 | H518: {=INDEX(DataAll!$T$2:$T$555,MATCH(LOWER(Data!A518),LOWER(DataAll!$S$2:$S$555),0))} -> 0.397 | I518: {=INDEX(DataAll!$W$2:$W$555,MATCH(LOWER(Data!A518),LOWER(DataAll!$V$2:$V$555),0))} -> 25.07 | J518: {=INDEX(DataAll!$Z$2:$Z$555,MATCH(LOWER(Data!A518),LOWER(DataAll!$Y$2:$Y$555),0))} -> 2.85 | K518: {=INDEX(DataAll!$AM$2:$AM$555,MATCH(LOWER(Data!A518),LOWER(DataAll!$AL$2:$AL$555),0))} -> 32.29 | L518: {=INDEX(DataAll!$AJ$2:$AJ$555,MATCH(LOWER(Data!A518),LOWER(DataAll!$AI$2:$AI$555),0))} -> 54.54 | M518: {=INDEX(DataAll!$AP$2:$AP$555,MATCH(LOWER(Data!A518),LOWER(DataAll!$AO$2:$AO$555),0))} -> 65.77 | N518: {=INDEX(DataAll!$AQ$2:$AQ$555,MATCH(LOWER(Data!A518),LOWER(DataAll!$AO$2:$AO$555),0))} -> 69.74 | O518: {=INDEX(DataAll!$AT$2:$AT$555,MATCH(LOWER(Data!A518),LOWER(DataAll!$AS$2:$AS$555),0))} -> 9.06 | P518: {=INDEX(DataAll!$AU$2:$AU$555,MATCH(LOWER(Data!A518),LOWER(DataAll!$AS$2:$AS$555),0))} -> 4.91 | Q518: {=INDEX(DataAll!$AX$2:$AX$556,MATCH(LOWER(Data!A518),LOWER(DataAll!$AW$2:$AW$556),0))} -> 20.32 | R518: {=INDEX('Longitude and Latitude'!$B$2:$B$579,MATCH(LOWER(Data!A518),LOWER('Longitude and Latitude'!$A$2:$A$579),0))} -> -0.93523 | S518: {=INDEX('Longitude and Latitude'!$C$2:$C$579,MATCH(LOWER(Data!A518),LOWER('Longitude and Latitude'!$A$2:$A$579),0))} -> 133.89587 | T518: =IF(EXACT(A518, UPPER(A518)), TRUE, FALSE) -> FALSE
A519: Kota Sorong | B519: 92.14 | C519: {=INDEX(DataAll!$E$2:$E$555,MATCH(LOWER(Data!A519),LOWER(DataAll!$D$2:$D$555),0))} -> 69.89 | D519: {=INDEX(DataAll!$H$2:$H$579,MATCH(LOWER(Data!A519),LOWER(DataAll!$G$2:$G$555),0))} -> 0.452 | E519: {=INDEX(DataAll!$K$2:$K$579,MATCH(LOWER(Data!A519),LOWER(DataAll!$J$2:$J$555),0))} -> 23.33 | F519: {=INDEX(DataAll!$N$2:$N$555,MATCH(LOWER(Data!A519),LOWER(DataAll!$M$2:$M$555),0))} -> 41.99 | G519: {=INDEX(DataAll!$Q$2:$Q$555,MATCH(LOWER(Data!A519),LOWER(DataAll!$P$2:$P$555),0))} -> 17.21 | H519: {=INDEX(DataAll!$T$2:$T$555,MATCH(LOWER(Data!A519),LOWER(DataAll!$S$2:$S$555),0))} -> 0.235 | I519: {=INDEX(DataAll!$W$2:$W$555,MATCH(LOWER(Data!A519),LOWER(DataAll!$V$2:$V$555),0))} -> 26.35 | J519: {=INDEX(DataAll!$Z$2:$Z$555,MATCH(LOWER(Data!A519),LOWER(DataAll!$Y$2:$Y$555),0))} -> 2.2 | K519: {=INDEX(DataAll!$AM$2:$AM$555,MATCH(LOWER(Data!A519),LOWER(DataAll!$AL$2:$AL$555),0))} -> 14.41 | L519: {=INDEX(DataAll!$AJ$2:$AJ$555,MATCH(LOWER(Data!A519),LOWER(DataAll!$AI$2:$AI$555),0))} -> 26.93 | M519: {=INDEX(DataAll!$AP$2:$AP$555,MATCH(LOWER(Data!A519),LOWER(DataAll!$AO$2:$AO$555),0))} -> 69.97 | N519: {=INDEX(DataAll!$AQ$2:$AQ$555,MATCH(LOWER(Data!A519),LOWER(DataAll!$AO$2:$AO$555),0))} -> 73.96 | O519: {=INDEX(DataAll!$AT$2:$AT$555,MATCH(LOWER(Data!A519),LOWER(DataAll!$AS$2:$AS$555),0))} -> 11.58 | P519: {=INDEX(DataAll!$AU$2:$AU$555,MATCH(LOWER(Data!A519),LOWER(DataAll!$AS$2:$AS$555),0))} -> 11.47 | Q519: {=INDEX(DataAll!$AX$2:$AX$556,MATCH(LOWER(Data!A519),LOWER(DataAll!$AW$2:$AW$556),0))} -> 70.97 | R519: {=INDEX('Longitude and Latitude'!$B$2:$B$579,MATCH(LOWER(Data!A519),LOWER('Longitude and Latitude'!$A$2:$A$579),0))} -> -0.8666667 | S519: {=INDEX('Longitude and Latitude'!$C$2:$C$579,MATCH(LOWER(Data!A519),LOWER('Longitude and Latitude'!$A$2:$A$579),0))} -> 131.25 | T519: =IF(EXACT(A519, UPPER(A519)), TRUE, FALSE) -> FALSE
A520: PAPUA BARAT DAYA | B520: - | C520: {=INDEX(DataAll!$E$2:$E$555,MATCH(LOWER(Data!A520),LOWER(DataAll!$D$2:$D$555),0))} -> #N/A | D520: {=INDEX(DataAll!$H$2:$H$579,MATCH(LOWER(Data!A520),LOWER(DataAll!$G$2:$G$555),0))} -> - | E520: {=INDEX(DataAll!$K$2:$K$579,MATCH(LOWER(Data!A520),LOWER(DataAll!$J$2:$J$555),0))} -> #N/A | F520: {=INDEX(DataAll!$N$2:$N$555,MATCH(LOWER(Data!A520),LOWER(DataAll!$M$2:$M$555),0))} -> #N/A | G520: {=INDEX(DataAll!$Q$2:$Q$555,MATCH(LOWER(Data!A520),LOWER(DataAll!$P$2:$P$555),0))} -> #N/A | H520: {=INDEX(DataAll!$T$2:$T$555,MATCH(LOWER(Data!A520),LOWER(DataAll!$S$2:$S$555),0))} -> - | I520: {=INDEX(DataAll!$W$2:$W$555,MATCH(LOWER(Data!A520),LOWER(DataAll!$V$2:$V$555),0))} -> #N/A | J520: {=INDEX(DataAll!$Z$2:$Z$555,MATCH(LOWER(Data!A520),LOWER(DataAll!$Y$2:$Y$555),0))} -> #N/A | K520: {=INDEX(DataAll!$AM$2:$AM$555,MATCH(LOWER(Data!A520),LOWER(DataAll!$AL$2:$AL$555),0))} -> - | L520: {=INDEX(DataAll!$AJ$2:$AJ$555,MATCH(LOWER(Data!A520),LOWER(DataAll!$AI$2:$AI$555),0))} -> #N/A | M520: {=INDEX(DataAll!$AP$2:$AP$555,MATCH(LOWER(Data!A520),LOWER(DataAll!$AO$2:$AO$555),0))} -> - | N520: {=INDEX(DataAll!$AQ$2:$AQ$555,MATCH(LOWER(Data!A520),LOWER(DataAll!$AO$2:$AO$555),0))} -> - | O520: {=INDEX(DataAll!$AT$2:$AT$555,MATCH(LOWER(Data!A520),LOWER(DataAll!$AS$2:$AS$555),0))} -> - | P520: {=INDEX(DataAll!$AU$2:$AU$555,MATCH(LOWER(Data!A520),LOWER(DataAll!$AS$2:$AS$555),0))} -> - | Q520: {=INDEX(DataAll!$AX$2:$AX$556,MATCH(LOWER(Data!A520),LOWER(DataAll!$AW$2:$AW$556),0))} -> - | R520: {=INDEX('Longitude and Latitude'!$B$2:$B$579,MATCH(LOWER(Data!A520),LOWER('Longitude and Latitude'!$A$2:$A$579),0))} -> -3.88333 | S520: {=INDEX('Longitude and Latitude'!$C$2:$C$579,MATCH(LOWER(Data!A520),LOWER('Longitude and Latitude'!$A$2:$A$579),0))} -> 139.16667 | T520: =IF(EXACT(A520, UPPER(A520)), TRUE, FALSE) -> TRUE
A521: Raja Ampat | C521: {=INDEX(DataAll!$E$2:$E$555,MATCH(LOWER(Data!A521),LOWER(DataAll!$D$2:$D$555),0))} -> 53.96 | D521: {=INDEX(DataAll!$H$2:$H$579,MATCH(LOWER(Data!A521),LOWER(DataAll!$G$2:$G$555),0))} -> 0.622 | E521: {=INDEX(DataAll!$K$2:$K$579,MATCH(LOWER(Data!A521),LOWER(DataAll!$J$2:$J$555),0))} -> 10 | F521: {=INDEX(DataAll!$N$2:$N$555,MATCH(LOWER(Data!A521),LOWER(DataAll!$M$2:$M$555),0))} -> 44.95 | G521: {=INDEX(DataAll!$Q$2:$Q$555,MATCH(LOWER(Data!A521),LOWER(DataAll!$P$2:$P$555),0))} -> 33.62 | H521: {=INDEX(DataAll!$T$2:$T$555,MATCH(LOWER(Data!A521),LOWER(DataAll!$S$2:$S$555),0))} -> 0.338 | I521: {=INDEX(DataAll!$W$2:$W$555,MATCH(LOWER(Data!A521),LOWER(DataAll!$V$2:$V$555),0))} -> 25.16 | J521: {=INDEX(DataAll!$Z$2:$Z$555,MATCH(LOWER(Data!A521),LOWER(DataAll!$Y$2:$Y$555),0))} -> 3.6 | K521: {=INDEX(DataAll!$AM$2:$AM$555,MATCH(LOWER(Data!A521),LOWER(DataAll!$AL$2:$AL$555),0))} -> 16.76 | L521: {=INDEX(DataAll!$AJ$2:$AJ$555,MATCH(LOWER(Data!A521),LOWER(DataAll!$AI$2:$AI$555),0))} -> 54.74 | M521: {=INDEX(DataAll!$AP$2:$AP$555,MATCH(LOWER(Data!A521),LOWER(DataAll!$AO$2:$AO$555),0))} -> 63.53 | N521: {=INDEX(DataAll!$AQ$2:$AQ$555,MATCH(LOWER(Data!A521),LOWER(DataAll!$AO$2:$AO$555),0))} -> 67.39 | O521: {=INDEX(DataAll!$AT$2:$AT$555,MATCH(LOWER(Data!A521),LOWER(DataAll!$AS$2:$AS$555),0))} -> 9.38 | P521: {=INDEX(DataAll!$AU$2:$AU$555,MATCH(LOWER(Data!A521),LOWER(DataAll!$AS$2:$AS$555),0))} -> 7.99 | Q521: {=INDEX(DataAll!$AX$2:$AX$556,MATCH(LOWER(Data!A521),LOWER(DataAll!$AW$2:$AW$556),0))} -> 30.66 | R521: {=INDEX('Longitude and Latitude'!$B$2:$B$579,MATCH(LOWER(Data!A521),LOWER('Longitude and Latitude'!$A$2:$A$579),0))} -> -1.0915151 | S521: {=INDEX('Longitude and Latitude'!$C$2:$C$579,MATCH(LOWER(Data!A521),LOWER('Longitude and Latitude'!$A$2:$A$579),0))} -> 130.87786 | T521: =IF(EXACT(A521, UPPER(A521)), TRUE, FALSE) -> FALSE
A522: Sorong | C522: {=INDEX(DataAll!$E$2:$E$555,MATCH(LOWER(Data!A522),LOWER(DataAll!$D$2:$D$555),0))} -> 59.91 | D522: {=INDEX(DataAll!$H$2:$H$579,MATCH(LOWER(Data!A522),LOWER(DataAll!$G$2:$G$555),0))} -> 0.565 | E522: {=INDEX(DataAll!$K$2:$K$579,MATCH(LOWER(Data!A522),LOWER(DataAll!$J$2:$J$555),0))} -> 16 | F522: {=INDEX(DataAll!$N$2:$N$555,MATCH(LOWER(Data!A522),LOWER(DataAll!$M$2:$M$555),0))} -> 44.29 | G522: {=INDEX(DataAll!$Q$2:$Q$555,MATCH(LOWER(Data!A522),LOWER(DataAll!$P$2:$P$555),0))} -> 29.71 | H522: {=INDEX(DataAll!$T$2:$T$555,MATCH(LOWER(Data!A522),LOWER(DataAll!$S$2:$S$555),0))} -> 0.341 | I522: {=INDEX(DataAll!$W$2:$W$555,MATCH(LOWER(Data!A522),LOWER(DataAll!$V$2:$V$555),0))} -> 22.32 | J522: {=INDEX(DataAll!$Z$2:$Z$555,MATCH(LOWER(Data!A522),LOWER(DataAll!$Y$2:$Y$555),0))} -> 2.48 | K522: {=INDEX(DataAll!$AM$2:$AM$555,MATCH(LOWER(Data!A522),LOWER(DataAll!$AL$2:$AL$555),0))} -> 26.88 | L522: {=INDEX(DataAll!$AJ$2:$AJ$555,MATCH(LOWER(Data!A522),LOWER(DataAll!$AI$2:$AI$555),0))} -> 41.41 | M522: {=INDEX(DataAll!$AP$2:$AP$555,MATCH(LOWER(Data!A522),LOWER(DataAll!$AO$2:$AO$555),0))} -> 64.98 | N522: {=INDEX(DataAll!$AQ$2:$AQ$555,MATCH(LOWER(Data!A522),LOWER(DataAll!$AO$2:$AO$555),0))} -> 68.91 | O522: {=INDEX(DataAll!$AT$2:$AT$555,MATCH(LOWER(Data!A522),LOWER(DataAll!$AS$2:$AS$555),0))} -> 9.33 | P522: {=INDEX(DataAll!$AU$2:$AU$555,MATCH(LOWER(Data!A522),LOWER(DataAll!$AS$2:$AS$555),0))} -> 8.28 | Q522: {=INDEX(DataAll!$AX$2:$AX$556,MATCH(LOWER(Data!A522),LOWER(DataAll!$AW$2:$AW$556),0))} -> 37.33 | R522: {=INDEX('Longitude and Latitude'!$B$2:$B$579,MATCH(LOWER(Data!A522),LOWER('Longitude and Latitude'!$A$2:$A$579),0))} -> -0.8666667 | S522: {=INDEX('Longitude and Latitude'!$C$2:$C$579,MATCH(LOWER(Data!A522),LOWER('Longitude and Latitude'!$A$2:$A$579),0))} -> 131.25 | T522: =IF(EXACT(A522, UPPER(A522)), TRUE, FALSE) -> FALSE
A523: Sorong Selatan | C523: {=INDEX(DataAll!$E$2:$E$555,MATCH(LOWER(Data!A523),LOWER(DataAll!$D$2:$D$555),0))} -> 69.59 | D523: {=INDEX(DataAll!$H$2:$H$579,MATCH(LOWER(Data!A523),LOWER(DataAll!$G$2:$G$555),0))} -> 0.576 | E523: {=INDEX(DataAll!$K$2:$K$579,MATCH(LOWER(Data!A523),LOWER(DataAll!$J$2:$J$555),0))} -> 20 | F523: {=INDEX(DataAll!$N$2:$N$555,MATCH(LOWER(Data!A523),LOWER(DataAll!$M$2:$M$555),0))} -> 47.44 | G523: {=INDEX(DataAll!$Q$2:$Q$555,MATCH(LOWER(Data!A523),LOWER(DataAll!$P$2:$P$555),0))} -> 28.34 | H523: {=INDEX(DataAll!$T$2:$T$555,MATCH(LOWER(Data!A523),LOWER(DataAll!$S$2:$S$555),0))} -> 0.309 | I523: {=INDEX(DataAll!$W$2:$W$555,MATCH(LOWER(Data!A523),LOWER(DataAll!$V$2:$V$555),0))} -> 30.92 | J523: {=INDEX(DataAll!$Z$2:$Z$555,MATCH(LOWER(Data!A523),LOWER(DataAll!$Y$2:$Y$555),0))} -> 3.24 | K523: {=INDEX(DataAll!$AM$2:$AM$555,MATCH(LOWER(Data!A523),LOWER(DataAll!$AL$2:$AL$555),0))} -> 18.11 | L523: {=INDEX(DataAll!$AJ$2:$AJ$555,MATCH(LOWER(Data!A523),LOWER(DataAll!$AI$2:$AI$555),0))} -> 58.98 | M523: {=INDEX(DataAll!$AP$2:$AP$555,MATCH(LOWER(Data!A523),LOWER(DataAll!$AO$2:$AO$555),0))} -> 65.09 | N523: {=INDEX(DataAll!$AQ$2:$AQ$555,MATCH(LOWER(Data!A523),LOWER(DataAll!$AO$2:$AO$555),0))} -> 69.03 | O523: {=INDEX(DataAll!$AT$2:$AT$555,MATCH(LOWER(Data!A523),LOWER(DataAll!$AS$2:$AS$555),0))} -> 9.77 | P523: {=INDEX(DataAll!$AU$2:$AU$555,MATCH(LOWER(Data!A523),LOWER(DataAll!$AS$2:$AS$555),0))} -> 7.62 | Q523: {=INDEX(DataAll!$AX$2:$AX$556,MATCH(LOWER(Data!A523),LOWER(DataAll!$AW$2:$AW$556),0))} -> 27.04 | R523: {=INDEX('Longitude and Latitude'!$B$2:$B$579,MATCH(LOWER(Data!A523),LOWER('Longitude and Latitude'!$A$2:$A$579),0))} -> -0.8666667 | S523: {=INDEX('Longitude and Latitude'!$C$2:$C$579,MATCH(LOWER(Data!A523),LOWER('Longitude and Latitude'!$A$2:$A$579),0))} -> 131.25 | T523: =IF(EXACT(A523, UPPER(A523)), TRUE, FALSE) -> FALSE
A524: Maybrat | C524: {=INDEX(DataAll!$E$2:$E$555,MATCH(LOWER(Data!A524),LOWER(DataAll!$D$2:$D$555),0))} -> 45.08 | D524: {=INDEX(DataAll!$H$2:$H$579,MATCH(LOWER(Data!A524),LOWER(DataAll!$G$2:$G$555),0))} -> 0.803 | F524: {=INDEX(DataAll!$N$2:$N$555,MATCH(LOWER(Data!A524),LOWER(DataAll!$M$2:$M$555),0))} -> 48.12 | G524: {=INDEX(DataAll!$Q$2:$Q$555,MATCH(LOWER(Data!A524),LOWER(DataAll!$P$2:$P$555),0))} -> 18.13 | H524: {=INDEX(DataAll!$T$2:$T$555,MATCH(LOWER(Data!A524),LOWER(DataAll!$S$2:$S$555),0))} -> 0.206 | I524: {=INDEX(DataAll!$W$2:$W$555,MATCH(LOWER(Data!A524),LOWER(DataAll!$V$2:$V$555),0))} -> 31.03 | J524: {=INDEX(DataAll!$Z$2:$Z$555,MATCH(LOWER(Data!A524),LOWER(DataAll!$Y$2:$Y$555),0))} -> 3.49 | K524: {=INDEX(DataAll!$AM$2:$AM$555,MATCH(LOWER(Data!A524),LOWER(DataAll!$AL$2:$AL$555),0))} -> 30.28 | L524: {=INDEX(DataAll!$AJ$2:$AJ$555,MATCH(LOWER(Data!A524),LOWER(DataAll!$AI$2:$AI$555),0))} -> 71.14 | M524: {=INDEX(DataAll!$AP$2:$AP$555,MATCH(LOWER(Data!A524),LOWER(DataAll!$AO$2:$AO$555),0))} -> 63.92 | N524: {=INDEX(DataAll!$AQ$2:$AQ$555,MATCH(LOWER(Data!A524),LOWER(DataAll!$AO$2:$AO$555),0))} -> 67.8 | O524: {=INDEX(DataAll!$AT$2:$AT$555,MATCH(LOWER(Data!A524),LOWER(DataAll!$AS$2:$AS$555),0))} -> 9.43 | P524: {=INDEX(DataAll!$AU$2:$AU$555,MATCH(LOWER(Data!A524),LOWER(DataAll!$AS$2:$AS$555),0))} -> 6.93 | Q524: {=INDEX(DataAll!$AX$2:$AX$556,MATCH(LOWER(Data!A524),LOWER(DataAll!$AW$2:$AW$556),0))} -> 48.34 | R524: {=INDEX('Longitude and Latitude'!$B$2:$B$579,MATCH(LOWER(Data!A524),LOWER('Longitude and Latitude'!$A$2:$A$579),0))} -> -1.2155 | S524: {=INDEX('Longitude and Latitude'!$C$2:$C$579,MATCH(LOWER(Data!A524),LOWER('Longitude and Latitude'!$A$2:$A$579),0))} -> 132.35092 | T524: =IF(EXACT(A524, UPPER(A524)), TRUE, FALSE) -> FALSE
A525: Tambrauw | C525: {=INDEX(DataAll!$E$2:$E$555,MATCH(LOWER(Data!A525),LOWER(DataAll!$D$2:$D$555),0))} -> 40.03 | D525: {=INDEX(DataAll!$H$2:$H$579,MATCH(LOWER(Data!A525),LOWER(DataAll!$G$2:$G$555),0))} -> 0.842 | F525: {=INDEX(DataAll!$N$2:$N$555,MATCH(LOWER(Data!A525),LOWER(DataAll!$M$2:$M$555),0))} -> 51.69 | G525: {=INDEX(DataAll!$Q$2:$Q$555,MATCH(LOWER(Data!A525),LOWER(DataAll!$P$2:$P$555),0))} -> 34.92 | H525: {=INDEX(DataAll!$T$2:$T$555,MATCH(LOWER(Data!A525),LOWER(DataAll!$S$2:$S$555),0))} -> 0.27 | I525: {=INDEX(DataAll!$W$2:$W$555,MATCH(LOWER(Data!A525),LOWER(DataAll!$V$2:$V$555),0))} -> 37.57 | J525: {=INDEX(DataAll!$Z$2:$Z$555,MATCH(LOWER(Data!A525),LOWER(DataAll!$Y$2:$Y$555),0))} -> 4.08 | K525: {=INDEX(DataAll!$AM$2:$AM$555,MATCH(LOWER(Data!A525),LOWER(DataAll!$AL$2:$AL$555),0))} -> 31.23 | L525: {=INDEX(DataAll!$AJ$2:$AJ$555,MATCH(LOWER(Data!A525),LOWER(DataAll!$AI$2:$AI$555),0))} -> 71.14 | M525: {=INDEX(DataAll!$AP$2:$AP$555,MATCH(LOWER(Data!A525),LOWER(DataAll!$AO$2:$AO$555),0))} -> 59.34 | N525: {=INDEX(DataAll!$AQ$2:$AQ$555,MATCH(LOWER(Data!A525),LOWER(DataAll!$AO$2:$AO$555),0))} -> 63.03 | O525: {=INDEX(DataAll!$AT$2:$AT$555,MATCH(LOWER(Data!A525),LOWER(DataAll!$AS$2:$AS$555),0))} -> 7.89 | P525: {=INDEX(DataAll!$AU$2:$AU$555,MATCH(LOWER(Data!A525),LOWER(DataAll!$AS$2:$AS$555),0))} -> 5.4 | Q525: {=INDEX(DataAll!$AX$2:$AX$556,MATCH(LOWER(Data!A525),LOWER(DataAll!$AW$2:$AW$556),0))} -> 36.62 | R525: {=INDEX('Longitude and Latitude'!$B$2:$B$579,MATCH(LOWER(Data!A525),LOWER('Longitude and Latitude'!$A$2:$A$579),0))} -> -0.60515 | S525: {=INDEX('Longitude and Latitude'!$C$2:$C$579,MATCH(LOWER(Data!A525),LOWER('Longitude and Latitude'!$A$2:$A$579),0))} -> 132.48962 | T525: =IF(EXACT(A525, UPPER(A525)), TRUE, FALSE) -> FALSE
A526: Kota Sorong | C526: {=INDEX(DataAll!$E$2:$E$555,MATCH(LOWER(Data!A526),LOWER(DataAll!$D$2:$D$555),0))} -> 69.89 | D526: {=INDEX(DataAll!$H$2:$H$579,MATCH(LOWER(Data!A526),LOWER(DataAll!$G$2:$G$555),0))} -> 0.452 | E526: {=INDEX(DataAll!$K$2:$K$579,MATCH(LOWER(Data!A526),LOWER(DataAll!$J$2:$J$555),0))} -> 23.33 | F526: {=INDEX(DataAll!$N$2:$N$555,MATCH(LOWER(Data!A526),LOWER(DataAll!$M$2:$M$555),0))} -> 41.99 | G526: {=INDEX(DataAll!$Q$2:$Q$555,MATCH(LOWER(Data!A526),LOWER(DataAll!$P$2:$P$555),0))} -> 17.21 | H526: {=INDEX(DataAll!$T$2:$T$555,MATCH(LOWER(Data!A526),LOWER(DataAll!$S$2:$S$555),0))} -> 0.235 | I526: {=INDEX(DataAll!$W$2:$W$555,MATCH(LOWER(Data!A526),LOWER(DataAll!$V$2:$V$555),0))} -> 26.35 | J526: {=INDEX(DataAll!$Z$2:$Z$555,MATCH(LOWER(Data!A526),LOWER(DataAll!$Y$2:$Y$555),0))} -> 2.2 | K526: {=INDEX(DataAll!$AM$2:$AM$555,MATCH(LOWER(Data!A526),LOWER(DataAll!$AL$2:$AL$555),0))} -> 14.41 | L526: {=INDEX(DataAll!$AJ$2:$AJ$555,MATCH(LOWER(Data!A526),LOWER(DataAll!$AI$2:$AI$555),0))} -> 26.93 | M526: {=INDEX(DataAll!$AP$2:$AP$555,MATCH(LOWER(Data!A526),LOWER(DataAll!$AO$2:$AO$555),0))} -> 69.97 | N526: {=INDEX(DataAll!$AQ$2:$AQ$555,MATCH(LOWER(Data!A526),LOWER(DataAll!$AO$2:$AO$555),0))} -> 73.96 | O526: {=INDEX(DataAll!$AT$2:$AT$555,MATCH(LOWER(Data!A526),LOWER(DataAll!$AS$2:$AS$555),0))} -> 11.58 | P526: {=INDEX(DataAll!$AU$2:$AU$555,MATCH(LOWER(Data!A526),LOWER(DataAll!$AS$2:$AS$555),0))} -> 11.47 | Q526: {=INDEX(DataAll!$AX$2:$AX$556,MATCH(LOWER(Data!A526),LOWER(DataAll!$AW$2:$AW$556),0))} -> 70.97 | R526: {=INDEX('Longitude and Latitude'!$B$2:$B$579,MATCH(LOWER(Data!A526),LOWER('Longitude and Latitude'!$A$2:$A$579),0))} -> -0.8666667 | S526: {=INDEX('Longitude and Latitude'!$C$2:$C$579,MATCH(LOWER(Data!A526),LOWER('Longitude and Latitude'!$A$2:$A$579),0))} -> 131.25 | T526: =IF(EXACT(A526, UPPER(A526)), TRUE, FALSE) -> FALSE
A527: PAPUA | B527: 81.64 | C527: {=INDEX(DataAll!$E$2:$E$555,MATCH(LOWER(Data!A527),LOWER(DataAll!$D$2:$D$555),0))} -> 65.7 | D527: {=INDEX(DataAll!$H$2:$H$579,MATCH(LOWER(Data!A527),LOWER(DataAll!$G$2:$G$555),0))} -> 0.518 | E527: {=INDEX(DataAll!$K$2:$K$579,MATCH(LOWER(Data!A527),LOWER(DataAll!$J$2:$J$555),0))} -> 12.73 | F527: {=INDEX(DataAll!$N$2:$N$555,MATCH(LOWER(Data!A527),LOWER(DataAll!$M$2:$M$555),0))} -> 35.77 | G527: {=INDEX(DataAll!$Q$2:$Q$555,MATCH(LOWER(Data!A527),LOWER(DataAll!$P$2:$P$555),0))} -> #N/A | H527: {=INDEX(DataAll!$T$2:$T$555,MATCH(LOWER(Data!A527),LOWER(DataAll!$S$2:$S$555),0))} -> 0.278 | I527: {=INDEX(DataAll!$W$2:$W$555,MATCH(LOWER(Data!A527),LOWER(DataAll!$V$2:$V$555),0))} -> 36.84 | J527: {=INDEX(DataAll!$Z$2:$Z$555,MATCH(LOWER(Data!A527),LOWER(DataAll!$Y$2:$Y$555),0))} -> 2.76 | K527: {=INDEX(DataAll!$AM$2:$AM$555,MATCH(LOWER(Data!A527),LOWER(DataAll!$AL$2:$AL$555),0))} -> 26.03 | L527: {=INDEX(DataAll!$AJ$2:$AJ$555,MATCH(LOWER(Data!A527),LOWER(DataAll!$AI$2:$AI$555),0))} -> 49.04 | M527: {=INDEX(DataAll!$AP$2:$AP$555,MATCH(LOWER(Data!A527),LOWER(DataAll!$AO$2:$AO$555),0))} -> 64.53 | N527: {=INDEX(DataAll!$AQ$2:$AQ$555,MATCH(LOWER(Data!A527),LOWER(DataAll!$AO$2:$AO$555),0))} -> 68.45 | O527: {=INDEX(DataAll!$AT$2:$AT$555,MATCH(LOWER(Data!A527),LOWER(DataAll!$AS$2:$AS$555),0))} -> 7.62 | P527: {=INDEX(DataAll!$AU$2:$AU$555,MATCH(LOWER(Data!A527),LOWER(DataAll!$AS$2:$AS$555),0))} -> 6.45 | Q527: {=INDEX(DataAll!$AX$2:$AX$556,MATCH(LOWER(Data!A527),LOWER(DataAll!$AW$2:$AW$556),0))} -> 32.7 | R527: {=INDEX('Longitude and Latitude'!$B$2:$B$579,MATCH(LOWER(Data!A527),LOWER('Longitude and Latitude'!$A$2:$A$579),0))} -> -4.0004481 | S527: {=INDEX('Longitude and Latitude'!$C$2:$C$579,MATCH(LOWER(Data!A527),LOWER('Longitude and Latitude'!$A$2:$A$579),0))} -> 138.79951 | T527: =IF(EXACT(A527, UPPER(A527)), TRUE, FALSE) -> TRUE
A528: Merauke | B528: 89.64 | C528: {=INDEX(DataAll!$E$2:$E$555,MATCH(LOWER(Data!A528),LOWER(DataAll!$D$2:$D$555),0))} -> 58.74 | D528: {=INDEX(DataAll!$H$2:$H$579,MATCH(LOWER(Data!A528),LOWER(DataAll!$G$2:$G$555),0))} -> 0.496 | E528: {=INDEX(DataAll!$K$2:$K$579,MATCH(LOWER(Data!A528),LOWER(DataAll!$J$2:$J$555),0))} -> 6.67 | F528: {=INDEX(DataAll!$N$2:$N$555,MATCH(LOWER(Data!A528),LOWER(DataAll!$M$2:$M$555),0))} -> 42.12 | G528: {=INDEX(DataAll!$Q$2:$Q$555,MATCH(LOWER(Data!A528),LOWER(DataAll!$P$2:$P$555),0))} -> 23.02 | H528: {=INDEX(DataAll!$T$2:$T$555,MATCH(LOWER(Data!A528),LOWER(DataAll!$S$2:$S$555),0))} -> 0.287 | I528: {=INDEX(DataAll!$W$2:$W$555,MATCH(LOWER(Data!A528),LOWER(DataAll!$V$2:$V$555),0))} -> 37.26 | J528: {=INDEX(DataAll!$Z$2:$Z$555,MATCH(LOWER(Data!A528),LOWER(DataAll!$Y$2:$Y$555),0))} -> 2.74 | K528: {=INDEX(DataAll!$AM$2:$AM$555,MATCH(LOWER(Data!A528),LOWER(DataAll!$AL$2:$AL$555),0))} -> 10.01 | L528: {=INDEX(DataAll!$AJ$2:$AJ$555,MATCH(LOWER(Data!A528),LOWER(DataAll!$AI$2:$AI$555),0))} -> 31.15 | M528: {=INDEX(DataAll!$AP$2:$AP$555,MATCH(LOWER(Data!A528),LOWER(DataAll!$AO$2:$AO$555),0))} -> 65.66 | N528: {=INDEX(DataAll!$AQ$2:$AQ$555,MATCH(LOWER(Data!A528),LOWER(DataAll!$AO$2:$AO$555),0))} -> 69.63 | O528: {=INDEX(DataAll!$AT$2:$AT$555,MATCH(LOWER(Data!A528),LOWER(DataAll!$AS$2:$AS$555),0))} -> 9.27 | P528: {=INDEX(DataAll!$AU$2:$AU$555,MATCH(LOWER(Data!A528),LOWER(DataAll!$AS$2:$AS$555),0))} -> 9 | Q528: {=INDEX(DataAll!$AX$2:$AX$556,MATCH(LOWER(Data!A528),LOWER(DataAll!$AW$2:$AW$556),0))} -> 52.55 | R528: {=INDEX('Longitude and Latitude'!$B$2:$B$579,MATCH(LOWER(Data!A528),LOWER('Longitude and Latitude'!$A$2:$A$579),0))} -> -2.533 | S528: {=INDEX('Longitude and Latitude'!$C$2:$C$579,MATCH(LOWER(Data!A528),LOWER('Longitude and Latitude'!$A$2:$A$579),0))} -> 140.717 | T528: =IF(EXACT(A528, UPPER(A528)), TRUE, FALSE) -> FALSE
A529: Jayawijaya | B529: 85.8 | C529: {=INDEX(DataAll!$E$2:$E$555,MATCH(LOWER(Data!A529),LOWER(DataAll!$D$2:$D$555),0))} -> 65.63 | D529: {=INDEX(DataAll!$H$2:$H$579,MATCH(LOWER(Data!A529),LOWER(DataAll!$G$2:$G$555),0))} -> 0.509 | E529: {=INDEX(DataAll!$K$2:$K$579,MATCH(LOWER(Data!A529),LOWER(DataAll!$J$2:$J$555),0))} -> 10 | F529: {=INDEX(DataAll!$N$2:$N$555,MATCH(LOWER(Data!A529),LOWER(DataAll!$M$2:$M$555),0))} -> 49.21 | G529: {=INDEX(DataAll!$Q$2:$Q$555,MATCH(LOWER(Data!A529),LOWER(DataAll!$P$2:$P$555),0))} -> 30.07 | H529: {=INDEX(DataAll!$T$2:$T$555,MATCH(LOWER(Data!A529),LOWER(DataAll!$S$2:$S$555),0))} -> 0.23 | I529: {=INDEX(DataAll!$W$2:$W$555,MATCH(LOWER(Data!A529),LOWER(DataAll!$V$2:$V$555),0))} -> 47.71 | J529: {=INDEX(DataAll!$Z$2:$Z$555,MATCH(LOWER(Data!A529),LOWER(DataAll!$Y$2:$Y$555),0))} -> 2.39 | K529: {=INDEX(DataAll!$AM$2:$AM$555,MATCH(LOWER(Data!A529),LOWER(DataAll!$AL$2:$AL$555),0))} -> 34.71 | L529: {=INDEX(DataAll!$AJ$2:$AJ$555,MATCH(LOWER(Data!A529),LOWER(DataAll!$AI$2:$AI$555),0))} -> 41.48 | M529: {=INDEX(DataAll!$AP$2:$AP$555,MATCH(LOWER(Data!A529),LOWER(DataAll!$AO$2:$AO$555),0))} -> 58.71 | N529: {=INDEX(DataAll!$AQ$2:$AQ$555,MATCH(LOWER(Data!A529),LOWER(DataAll!$AO$2:$AO$555),0))} -> 62.38 | O529: {=INDEX(DataAll!$AT$2:$AT$555,MATCH(LOWER(Data!A529),LOWER(DataAll!$AS$2:$AS$555),0))} -> 7.15 | P529: {=INDEX(DataAll!$AU$2:$AU$555,MATCH(LOWER(Data!A529),LOWER(DataAll!$AS$2:$AS$555),0))} -> 5.32 | Q529: {=INDEX(DataAll!$AX$2:$AX$556,MATCH(LOWER(Data!A529),LOWER(DataAll!$AW$2:$AW$556),0))} -> 31.94 | R529: {=INDEX('Longitude and Latitude'!$B$2:$B$579,MATCH(LOWER(Data!A529),LOWER('Longitude and Latitude'!$A$2:$A$579),0))} -> -3.5095462 | S529: {=INDEX('Longitude and Latitude'!$C$2:$C$579,MATCH(LOWER(Data!A529),LOWER('Longitude and Latitude'!$A$2:$A$579),0))} -> 135.7521 | T529: =IF(EXACT(A529, UPPER(A529)), TRUE, FALSE) -> FALSE
A530: Jayapura | B530: 91.61 | C530: {=INDEX(DataAll!$E$2:$E$555,MATCH(LOWER(Data!A530),LOWER(DataAll!$D$2:$D$555),0))} -> 70.2 | D530: {=INDEX(DataAll!$H$2:$H$579,MATCH(LOWER(Data!A530),LOWER(DataAll!$G$2:$G$555),0))} -> 0.478 | E530: {=INDEX(DataAll!$K$2:$K$579,MATCH(LOWER(Data!A530),LOWER(DataAll!$J$2:$J$555),0))} -> 16 | F530: {=INDEX(DataAll!$N$2:$N$555,MATCH(LOWER(Data!A530),LOWER(DataAll!$M$2:$M$555),0))} -> 39.87 | G530: {=INDEX(DataAll!$Q$2:$Q$555,MATCH(LOWER(Data!A530),LOWER(DataAll!$P$2:$P$555),0))} -> 22.44 | H530: {=INDEX(DataAll!$T$2:$T$555,MATCH(LOWER(Data!A530),LOWER(DataAll!$S$2:$S$555),0))} -> 0.235 | I530: {=INDEX(DataAll!$W$2:$W$555,MATCH(LOWER(Data!A530),LOWER(DataAll!$V$2:$V$555),0))} -> 34.29 | J530: {=INDEX(DataAll!$Z$2:$Z$555,MATCH(LOWER(Data!A530),LOWER(DataAll!$Y$2:$Y$555),0))} -> 2.83 | K530: {=INDEX(DataAll!$AM$2:$AM$555,MATCH(LOWER(Data!A530),LOWER(DataAll!$AL$2:$AL$555),0))} -> 11.45 | L530: {=INDEX(DataAll!$AJ$2:$AJ$555,MATCH(LOWER(Data!A530),LOWER(DataAll!$AI$2:$AI$555),0))} -> 36.97 | M530: {=INDEX(DataAll!$AP$2:$AP$555,MATCH(LOWER(Data!A530),LOWER(DataAll!$AO$2:$AO$555),0))} -> 65.84 | N530: {=INDEX(DataAll!$AQ$2:$AQ$555,MATCH(LOWER(Data!A530),LOWER(DataAll!$AO$2:$AO$555),0))} -> 69.82 | O530: {=INDEX(DataAll!$AT$2:$AT$555,MATCH(LOWER(Data!A530),LOWER(DataAll!$AS$2:$AS$555),0))} -> 10.61 | P530: {=INDEX(DataAll!$AU$2:$AU$555,MATCH(LOWER(Data!A530),LOWER(DataAll!$AS$2:$AS$555),0))} -> 9.55 | Q530: {=INDEX(DataAll!$AX$2:$AX$556,MATCH(LOWER(Data!A530),LOWER(DataAll!$AW$2:$AW$556),0))} -> 54.14 | R530: {=INDEX('Longitude and Latitude'!$B$2:$B$579,MATCH(LOWER(Data!A530),LOWER('Longitude and Latitude'!$A$2:$A$579),0))} -> -1.7469359 | S530: {=INDEX('Longitude and Latitude'!$C$2:$C$579,MATCH(LOWER(Data!A530),LOWER('Longitude and Latitude'!$A$2:$A$579),0))} -> 136.1709 | T530: =IF(EXACT(A530, UPPER(A530)), TRUE, FALSE) -> FALSE
A531: Nabire | B531: 91.19 | C531: {=INDEX(DataAll!$E$2:$E$555,MATCH(LOWER(Data!A531),LOWER(DataAll!$D$2:$D$555),0))} -> 72.41 | D531: {=INDEX(DataAll!$H$2:$H$579,MATCH(LOWER(Data!A531),LOWER(DataAll!$G$2:$G$555),0))} -> 0.496 | E531: {=INDEX(DataAll!$K$2:$K$579,MATCH(LOWER(Data!A531),LOWER(DataAll!$J$2:$J$555),0))} -> 20 | F531: {=INDEX(DataAll!$N$2:$N$555,MATCH(LOWER(Data!A531),LOWER(DataAll!$M$2:$M$555),0))} -> 38.66 | G531: {=INDEX(DataAll!$Q$2:$Q$555,MATCH(LOWER(Data!A531),LOWER(DataAll!$P$2:$P$555),0))} -> 28.08 | H531: {=INDEX(DataAll!$T$2:$T$555,MATCH(LOWER(Data!A531),LOWER(DataAll!$S$2:$S$555),0))} -> 0.341 | I531: {=INDEX(DataAll!$W$2:$W$555,MATCH(LOWER(Data!A531),LOWER(DataAll!$V$2:$V$555),0))} -> 35 | J531: {=INDEX(DataAll!$Z$2:$Z$555,MATCH(LOWER(Data!A531),LOWER(DataAll!$Y$2:$Y$555),0))} -> 2.59 | K531: {=INDEX(DataAll!$AM$2:$AM$555,MATCH(LOWER(Data!A531),LOWER(DataAll!$AL$2:$AL$555),0))} -> 23.35 | L531: {=INDEX(DataAll!$AJ$2:$AJ$555,MATCH(LOWER(Data!A531),LOWER(DataAll!$AI$2:$AI$555),0))} -> 39.71 | M531: {=INDEX(DataAll!$AP$2:$AP$555,MATCH(LOWER(Data!A531),LOWER(DataAll!$AO$2:$AO$555),0))} -> 66.79 | N531: {=INDEX(DataAll!$AQ$2:$AQ$555,MATCH(LOWER(Data!A531),LOWER(DataAll!$AO$2:$AO$555),0))} -> 70.76 | O531: {=INDEX(DataAll!$AT$2:$AT$555,MATCH(LOWER(Data!A531),LOWER(DataAll!$AS$2:$AS$555),0))} -> 10.56 | P531: {=INDEX(DataAll!$AU$2:$AU$555,MATCH(LOWER(Data!A531),LOWER(DataAll!$AS$2:$AS$555),0))} -> 9.7 | Q531: {=INDEX(DataAll!$AX$2:$AX$556,MATCH(LOWER(Data!A531),LOWER(DataAll!$AW$2:$AW$556),0))} -> 54.06 | R531: {=INDEX('Longitude and Latitude'!$B$2:$B$579,MATCH(LOWER(Data!A531),LOWER('Longitude and Latitude'!$A$2:$A$579),0))} -> -1.0381022 | S531: {=INDEX('Longitude and Latitude'!$C$2:$C$579,MATCH(LOWER(Data!A531),LOWER('Longitude and Latitude'!$A$2:$A$579),0))} -> 135.98008 | T531: =IF(EXACT(A531, UPPER(A531)), TRUE, FALSE) -> FALSE
A532: Kepulauan Yapen | B532: 89.9 | C532: {=INDEX(DataAll!$E$2:$E$555,MATCH(LOWER(Data!A532),LOWER(DataAll!$D$2:$D$555),0))} -> 68.76 | D532: {=INDEX(DataAll!$H$2:$H$579,MATCH(LOWER(Data!A532),LOWER(DataAll!$G$2:$G$555),0))} -> 0.58 | E532: {=INDEX(DataAll!$K$2:$K$579,MATCH(LOWER(Data!A532),LOWER(DataAll!$J$2:$J$555),0))} -> 16 | F532: {=INDEX(DataAll!$N$2:$N$555,MATCH(LOWER(Data!A532),LOWER(DataAll!$M$2:$M$555),0))} -> 32.41 | G532: {=INDEX(DataAll!$Q$2:$Q$555,MATCH(LOWER(Data!A532),LOWER(DataAll!$P$2:$P$555),0))} -> 35.24 | H532: {=INDEX(DataAll!$T$2:$T$555,MATCH(LOWER(Data!A532),LOWER(DataAll!$S$2:$S$555),0))} -> 0.283 | I532: {=INDEX(DataAll!$W$2:$W$555,MATCH(LOWER(Data!A532),LOWER(DataAll!$V$2:$V$555),0))} -> 37.67 | J532: {=INDEX(DataAll!$Z$2:$Z$555,MATCH(LOWER(Data!A532),LOWER(DataAll!$Y$2:$Y$555),0))} -> 3.31 | K532: {=INDEX(DataAll!$AM$2:$AM$555,MATCH(LOWER(Data!A532),LOWER(DataAll!$AL$2:$AL$555),0))} -> 25.89 | L532: {=INDEX(DataAll!$AJ$2:$AJ$555,MATCH(LOWER(Data!A532),LOWER(DataAll!$AI$2:$AI$555),0))} -> 33.19 | M532: {=INDEX(DataAll!$AP$2:$AP$555,MATCH(LOWER(Data!A532),LOWER(DataAll!$AO$2:$AO$555),0))} -> 67.71 | N532: {=INDEX(DataAll!$AQ$2:$AQ$555,MATCH(LOWER(Data!A532),LOWER(DataAll!$AO$2:$AO$555),0))} -> 71.66 | O532: {=INDEX(DataAll!$AT$2:$AT$555,MATCH(LOWER(Data!A532),LOWER(DataAll!$AS$2:$AS$555),0))} -> 10.35 | P532: {=INDEX(DataAll!$AU$2:$AU$555,MATCH(LOWER(Data!A532),LOWER(DataAll!$AS$2:$AS$555),0))} -> 8.85 | Q532: {=INDEX(DataAll!$AX$2:$AX$556,MATCH(LOWER(Data!A532),LOWER(DataAll!$AW$2:$AW$556),0))} -> 45.11 | R532: {=INDEX('Longitude and Latitude'!$B$2:$B$579,MATCH(LOWER(Data!A532),LOWER('Longitude and Latitude'!$A$2:$A$579),0))} -> -3.7876441 | S532: {=INDEX('Longitude and Latitude'!$C$2:$C$579,MATCH(LOWER(Data!A532),LOWER('Longitude and Latitude'!$A$2:$A$579),0))} -> 136.36247 | T532: =IF(EXACT(A532, UPPER(A532)), TRUE, FALSE) -> FALSE
A533: Biak Numfor | B533: 90.96 | C533: {=INDEX(DataAll!$E$2:$E$555,MATCH(LOWER(Data!A533),LOWER(DataAll!$D$2:$D$555),0))} -> 70.71 | D533: {=INDEX(DataAll!$H$2:$H$579,MATCH(LOWER(Data!A533),LOWER(DataAll!$G$2:$G$555),0))} -> 0.392 | E533: {=INDEX(DataAll!$K$2:$K$579,MATCH(LOWER(Data!A533),LOWER(DataAll!$J$2:$J$555),0))} -> 24 | F533: {=INDEX(DataAll!$N$2:$N$555,MATCH(LOWER(Data!A533),LOWER(DataAll!$M$2:$M$555),0))} -> 45.44 | G533: {=INDEX(DataAll!$Q$2:$Q$555,MATCH(LOWER(Data!A533),LOWER(DataAll!$P$2:$P$555),0))} -> 32.58 | H533: {=INDEX(DataAll!$T$2:$T$555,MATCH(LOWER(Data!A533),LOWER(DataAll!$S$2:$S$555),0))} -> 0.25 | I533: {=INDEX(DataAll!$W$2:$W$555,MATCH(LOWER(Data!A533),LOWER(DataAll!$V$2:$V$555),0))} -> 31.04 | J533: {=INDEX(DataAll!$Z$2:$Z$555,MATCH(LOWER(Data!A533),LOWER(DataAll!$Y$2:$Y$555),0))} -> 3.26 | K533: {=INDEX(DataAll!$AM$2:$AM$555,MATCH(LOWER(Data!A533),LOWER(DataAll!$AL$2:$AL$555),0))} -> 23.53 | L533: {=INDEX(DataAll!$AJ$2:$AJ$555,MATCH(LOWER(Data!A533),LOWER(DataAll!$AI$2:$AI$555),0))} -> 35.93 | M533: {=INDEX(DataAll!$AP$2:$AP$555,MATCH(LOWER(Data!A533),LOWER(DataAll!$AO$2:$AO$555),0))} -> 66.81 | N533: {=INDEX(DataAll!$AQ$2:$AQ$555,MATCH(LOWER(Data!A533),LOWER(DataAll!$AO$2:$AO$555),0))} -> 70.78 | O533: {=INDEX(DataAll!$AT$2:$AT$555,MATCH(LOWER(Data!A533),LOWER(DataAll!$AS$2:$AS$555),0))} -> 10.82 | P533: {=INDEX(DataAll!$AU$2:$AU$555,MATCH(LOWER(Data!A533),LOWER(DataAll!$AS$2:$AS$555),0))} -> 9.8 | Q533: {=INDEX(DataAll!$AX$2:$AX$556,MATCH(LOWER(Data!A533),LOWER(DataAll!$AW$2:$AW$556),0))} -> 50.03 | R533: {=INDEX('Longitude and Latitude'!$B$2:$B$579,MATCH(LOWER(Data!A533),LOWER('Longitude and Latitude'!$A$2:$A$579),0))} -> -4.0836111 | S533: {=INDEX('Longitude and Latitude'!$C$2:$C$579,MATCH(LOWER(Data!A533),LOWER('Longitude and Latitude'!$A$2:$A$579),0))} -> 137.18472 | T533: =IF(EXACT(A533, UPPER(A533)), TRUE, FALSE) -> FALSE
A534: Paniai | B534: 69.27 | C534: {=INDEX(DataAll!$E$2:$E$555,MATCH(LOWER(Data!A534),LOWER(DataAll!$D$2:$D$555),0))} -> 40.2 | D534: {=INDEX(DataAll!$H$2:$H$579,MATCH(LOWER(Data!A534),LOWER(DataAll!$G$2:$G$555),0))} -> 0.674 | E534: {=INDEX(DataAll!$K$2:$K$579,MATCH(LOWER(Data!A534),LOWER(DataAll!$J$2:$J$555),0))} -> 4 | F534: {=INDEX(DataAll!$N$2:$N$555,MATCH(LOWER(Data!A534),LOWER(DataAll!$M$2:$M$555),0))} -> 12.45 | G534: {=INDEX(DataAll!$Q$2:$Q$555,MATCH(LOWER(Data!A534),LOWER(DataAll!$P$2:$P$555),0))} -> 58.96 | H534: {=INDEX(DataAll!$T$2:$T$555,MATCH(LOWER(Data!A534),LOWER(DataAll!$S$2:$S$555),0))} -> 0.312 | I534: {=INDEX(DataAll!$W$2:$W$555,MATCH(LOWER(Data!A534),LOWER(DataAll!$V$2:$V$555),0))} -> 48.61 | J534: {=INDEX(DataAll!$Z$2:$Z$555,MATCH(LOWER(Data!A534),LOWER(DataAll!$Y$2:$Y$555),0))} -> 2.69 | K534: {=INDEX(DataAll!$AM$2:$AM$555,MATCH(LOWER(Data!A534),LOWER(DataAll!$AL$2:$AL$555),0))} -> 35.39 | L534: {=INDEX(DataAll!$AJ$2:$AJ$555,MATCH(LOWER(Data!A534),LOWER(DataAll!$AI$2:$AI$555),0))} -> 41.48 | M534: {=INDEX(DataAll!$AP$2:$AP$555,MATCH(LOWER(Data!A534),LOWER(DataAll!$AO$2:$AO$555),0))} -> 65.3 | N534: {=INDEX(DataAll!$AQ$2:$AQ$555,MATCH(LOWER(Data!A534),LOWER(DataAll!$AO$2:$AO$555),0))} -> 69.25 | O534: {=INDEX(DataAll!$AT$2:$AT$555,MATCH(LOWER(Data!A534),LOWER(DataAll!$AS$2:$AS$555),0))} -> 5.08 | P534: {=INDEX(DataAll!$AU$2:$AU$555,MATCH(LOWER(Data!A534),LOWER(DataAll!$AS$2:$AS$555),0))} -> 3.46 | Q534: {=INDEX(DataAll!$AX$2:$AX$556,MATCH(LOWER(Data!A534),LOWER(DataAll!$AW$2:$AW$556),0))} -> 11.1 | R534: {=INDEX('Longitude and Latitude'!$B$2:$B$579,MATCH(LOWER(Data!A534),LOWER('Longitude and Latitude'!$A$2:$A$579),0))} -> -4.4553223 | S534: {=INDEX('Longitude and Latitude'!$C$2:$C$579,MATCH(LOWER(Data!A534),LOWER('Longitude and Latitude'!$A$2:$A$579),0))} -> 137.13621 | T534: =IF(EXACT(A534, UPPER(A534)), TRUE, FALSE) -> FALSE
A535: Puncak Jaya | B535: 67.86 | C535: {=INDEX(DataAll!$E$2:$E$555,MATCH(LOWER(Data!A535),LOWER(DataAll!$D$2:$D$555),0))} -> 38.72 | D535: {=INDEX(DataAll!$H$2:$H$579,MATCH(LOWER(Data!A535),LOWER(DataAll!$G$2:$G$555),0))} -> 0.52 | E535: {=INDEX(DataAll!$K$2:$K$579,MATCH(LOWER(Data!A535),LOWER(DataAll!$J$2:$J$555),0))} -> 6.67 | F535: {=INDEX(DataAll!$N$2:$N$555,MATCH(LOWER(Data!A535),LOWER(DataAll!$M$2:$M$555),0))} -> 6.07 | G535: {=INDEX(DataAll!$Q$2:$Q$555,MATCH(LOWER(Data!A535),LOWER(DataAll!$P$2:$P$555),0))} -> 39.43 | H535: {=INDEX(DataAll!$T$2:$T$555,MATCH(LOWER(Data!A535),LOWER(DataAll!$S$2:$S$555),0))} -> 0.211 | I535: {=INDEX(DataAll!$W$2:$W$555,MATCH(LOWER(Data!A535),LOWER(DataAll!$V$2:$V$555),0))} -> 44.45 | J535: {=INDEX(DataAll!$Z$2:$Z$555,MATCH(LOWER(Data!A535),LOWER(DataAll!$Y$2:$Y$555),0))} -> 2.46 | K535: {=INDEX(DataAll!$AM$2:$AM$555,MATCH(LOWER(Data!A535),LOWER(DataAll!$AL$2:$AL$555),0))} -> 35.6 | L535: {=INDEX(DataAll!$AJ$2:$AJ$555,MATCH(LOWER(Data!A535),LOWER(DataAll!$AI$2:$AI$555),0))} -> 51.27 | M535: {=INDEX(DataAll!$AP$2:$AP$555,MATCH(LOWER(Data!A535),LOWER(DataAll!$AO$2:$AO$555),0))} -> 64.01 | N535: {=INDEX(DataAll!$AQ$2:$AQ$555,MATCH(LOWER(Data!A535),LOWER(DataAll!$AO$2:$AO$555),0))} -> 67.89 | O535: {=INDEX(DataAll!$AT$2:$AT$555,MATCH(LOWER(Data!A535),LOWER(DataAll!$AS$2:$AS$555),0))} -> 5.59 | P535: {=INDEX(DataAll!$AU$2:$AU$555,MATCH(LOWER(Data!A535),LOWER(DataAll!$AS$2:$AS$555),0))} -> 3.96 | Q535: {=INDEX(DataAll!$AX$2:$AX$556,MATCH(LOWER(Data!A535),LOWER(DataAll!$AW$2:$AW$556),0))} -> 20.92 | R535: {=INDEX('Longitude and Latitude'!$B$2:$B$579,MATCH(LOWER(Data!A535),LOWER('Longitude and Latitude'!$A$2:$A$579),0))} -> -5.7400018 | S535: {=INDEX('Longitude and Latitude'!$C$2:$C$579,MATCH(LOWER(Data!A535),LOWER('Longitude and Latitude'!$A$2:$A$579),0))} -> 140.34818 | T535: =IF(EXACT(A535, UPPER(A535)), TRUE, FALSE) -> FALSE
A536: Mimika | B536: 77.79 | C536: {=INDEX(DataAll!$E$2:$E$555,MATCH(LOWER(Data!A536),LOWER(DataAll!$D$2:$D$555),0))} -> 51.06 | D536: {=INDEX(DataAll!$H$2:$H$579,MATCH(LOWER(Data!A536),LOWER(DataAll!$G$2:$G$555),0))} -> 0.513 | E536: {=INDEX(DataAll!$K$2:$K$579,MATCH(LOWER(Data!A536),LOWER(DataAll!$J$2:$J$555),0))} -> 5.88 | F536: {=INDEX(DataAll!$N$2:$N$555,MATCH(LOWER(Data!A536),LOWER(DataAll!$M$2:$M$555),0))} -> 39.74 | G536: {=INDEX(DataAll!$Q$2:$Q$555,MATCH(LOWER(Data!A536),LOWER(DataAll!$P$2:$P$555),0))} -> 28.76 | H536: {=INDEX(DataAll!$T$2:$T$555,MATCH(LOWER(Data!A536),LOWER(DataAll!$S$2:$S$555),0))} -> 0.27 | I536: {=INDEX(DataAll!$W$2:$W$555,MATCH(LOWER(Data!A536),LOWER(DataAll!$V$2:$V$555),0))} -> 23.24 | J536: {=INDEX(DataAll!$Z$2:$Z$555,MATCH(LOWER(Data!A536),LOWER(DataAll!$Y$2:$Y$555),0))} -> 2.42 | K536: {=INDEX(DataAll!$AM$2:$AM$555,MATCH(LOWER(Data!A536),LOWER(DataAll!$AL$2:$AL$555),0))} -> 13.55 | L536: {=INDEX(DataAll!$AJ$2:$AJ$555,MATCH(LOWER(Data!A536),LOWER(DataAll!$AI$2:$AI$555),0))} -> 32.13 | M536: {=INDEX(DataAll!$AP$2:$AP$555,MATCH(LOWER(Data!A536),LOWER(DataAll!$AO$2:$AO$555),0))} -> 70.86 | N536: {=INDEX(DataAll!$AQ$2:$AQ$555,MATCH(LOWER(Data!A536),LOWER(DataAll!$AO$2:$AO$555),0))} -> 74.9 | O536: {=INDEX(DataAll!$AT$2:$AT$555,MATCH(LOWER(Data!A536),LOWER(DataAll!$AS$2:$AS$555),0))} -> 10.63 | P536: {=INDEX(DataAll!$AU$2:$AU$555,MATCH(LOWER(Data!A536),LOWER(DataAll!$AS$2:$AS$555),0))} -> 10.17 | Q536: {=INDEX(DataAll!$AX$2:$AX$556,MATCH(LOWER(Data!A536),LOWER(DataAll!$AW$2:$AW$556),0))} -> 57.44 | R536: {=INDEX('Longitude and Latitude'!$B$2:$B$579,MATCH(LOWER(Data!A536),LOWER('Longitude and Latitude'!$A$2:$A$579),0))} -> -7.102232 | S536: {=INDEX('Longitude and Latitude'!$C$2:$C$579,MATCH(LOWER(Data!A536),LOWER('Longitude and Latitude'!$A$2:$A$579),0))} -> 139.39639 | T536: =IF(EXACT(A536, UPPER(A536)), TRUE, FALSE) -> FALSE
A537: Boven Digoel | B537: 80.46 | C537: {=INDEX(DataAll!$E$2:$E$555,MATCH(LOWER(Data!A537),LOWER(DataAll!$D$2:$D$555),0))} -> 52.35 | D537: {=INDEX(DataAll!$H$2:$H$579,MATCH(LOWER(Data!A537),LOWER(DataAll!$G$2:$G$555),0))} -> 0.529 | E537: {=INDEX(DataAll!$K$2:$K$579,MATCH(LOWER(Data!A537),LOWER(DataAll!$J$2:$J$555),0))} -> 5 | F537: {=INDEX(DataAll!$N$2:$N$555,MATCH(LOWER(Data!A537),LOWER(DataAll!$M$2:$M$555),0))} -> 35.81 | G537: {=INDEX(DataAll!$Q$2:$Q$555,MATCH(LOWER(Data!A537),LOWER(DataAll!$P$2:$P$555),0))} -> 39.13 | H537: {=INDEX(DataAll!$T$2:$T$555,MATCH(LOWER(Data!A537),LOWER(DataAll!$S$2:$S$555),0))} -> 0.276 | I537: {=INDEX(DataAll!$W$2:$W$555,MATCH(LOWER(Data!A537),LOWER(DataAll!$V$2:$V$555),0))} -> 35.87 | J537: {=INDEX(DataAll!$Z$2:$Z$555,MATCH(LOWER(Data!A537),LOWER(DataAll!$Y$2:$Y$555),0))} -> 3.51 | K537: {=INDEX(DataAll!$AM$2:$AM$555,MATCH(LOWER(Data!A537),LOWER(DataAll!$AL$2:$AL$555),0))} -> 19.8 | L537: {=INDEX(DataAll!$AJ$2:$AJ$555,MATCH(LOWER(Data!A537),LOWER(DataAll!$AI$2:$AI$555),0))} -> 46.72 | M537: {=INDEX(DataAll!$AP$2:$AP$555,MATCH(LOWER(Data!A537),LOWER(DataAll!$AO$2:$AO$555),0))} -> 59.17 | N537: {=INDEX(DataAll!$AQ$2:$AQ$555,MATCH(LOWER(Data!A537),LOWER(DataAll!$AO$2:$AO$555),0))} -> 62.86 | O537: {=INDEX(DataAll!$AT$2:$AT$555,MATCH(LOWER(Data!A537),LOWER(DataAll!$AS$2:$AS$555),0))} -> 9.61 | P537: {=INDEX(DataAll!$AU$2:$AU$555,MATCH(LOWER(Data!A537),LOWER(DataAll!$AS$2:$AS$555),0))} -> 8.68 | Q537: {=INDEX(DataAll!$AX$2:$AX$556,MATCH(LOWER(Data!A537),LOWER(DataAll!$AW$2:$AW$556),0))} -> 47.36 | R537: {=INDEX('Longitude and Latitude'!$B$2:$B$579,MATCH(LOWER(Data!A537),LOWER('Longitude and Latitude'!$A$2:$A$579),0))} -> -5.0573958 | S537: {=INDEX('Longitude and Latitude'!$C$2:$C$579,MATCH(LOWER(Data!A537),LOWER('Longitude and Latitude'!$A$2:$A$579),0))} -> 138.39882 | T537: =IF(EXACT(A537, UPPER(A537)), TRUE, FALSE) -> FALSE
A538: Mappi | B538: 85.16 | C538: {=INDEX(DataAll!$E$2:$E$555,MATCH(LOWER(Data!A538),LOWER(DataAll!$D$2:$D$555),0))} -> 56.55 | D538: {=INDEX(DataAll!$H$2:$H$579,MATCH(LOWER(Data!A538),LOWER(DataAll!$G$2:$G$555),0))} -> 0.638 | E538: {=INDEX(DataAll!$K$2:$K$579,MATCH(LOWER(Data!A538),LOWER(DataAll!$J$2:$J$555),0))} -> 8 | F538: {=INDEX(DataAll!$N$2:$N$555,MATCH(LOWER(Data!A538),LOWER(DataAll!$M$2:$M$555),0))} -> 28.92 | G538: {=INDEX(DataAll!$Q$2:$Q$555,MATCH(LOWER(Data!A538),LOWER(DataAll!$P$2:$P$555),0))} -> 48.88 | H538: {=INDEX(DataAll!$T$2:$T$555,MATCH(LOWER(Data!A538),LOWER(DataAll!$S$2:$S$555),0))} -> 0.374 | I538: {=INDEX(DataAll!$W$2:$W$555,MATCH(LOWER(Data!A538),LOWER(DataAll!$V$2:$V$555),0))} -> 42.01 | J538: {=INDEX(DataAll!$Z$2:$Z$555,MATCH(LOWER(Data!A538),LOWER(DataAll!$Y$2:$Y$555),0))} -> 3.85 | K538: {=INDEX(DataAll!$AM$2:$AM$555,MATCH(LOWER(Data!A538),LOWER(DataAll!$AL$2:$AL$555),0))} -> 25.72 | L538: {=INDEX(DataAll!$AJ$2:$AJ$555,MATCH(LOWER(Data!A538),LOWER(DataAll!$AI$2:$AI$555),0))} -> 61.39 | M538: {=INDEX(DataAll!$AP$2:$AP$555,MATCH(LOWER(Data!A538),LOWER(DataAll!$AO$2:$AO$555),0))} -> 64.01 | N538: {=INDEX(DataAll!$AQ$2:$AQ$555,MATCH(LOWER(Data!A538),LOWER(DataAll!$AO$2:$AO$555),0))} -> 67.89 | O538: {=INDEX(DataAll!$AT$2:$AT$555,MATCH(LOWER(Data!A538),LOWER(DataAll!$AS$2:$AS$555),0))} -> 7.74 | P538: {=INDEX(DataAll!$AU$2:$AU$555,MATCH(LOWER(Data!A538),LOWER(DataAll!$AS$2:$AS$555),0))} -> 6.15 | Q538: {=INDEX(DataAll!$AX$2:$AX$556,MATCH(LOWER(Data!A538),LOWER(DataAll!$AW$2:$AW$556),0))} -> 30.21 | R538: {=INDEX('Longitude and Latitude'!$B$2:$B$579,MATCH(LOWER(Data!A538),LOWER('Longitude and Latitude'!$A$2:$A$579),0))} -> -4.4939717 | S538: {=INDEX('Longitude and Latitude'!$C$2:$C$579,MATCH(LOWER(Data!A538),LOWER('Longitude and Latitude'!$A$2:$A$579),0))} -> 139.528 | T538: =IF(EXACT(A538, UPPER(A538)), TRUE, FALSE) -> FALSE
... A548: Nduga | B548: 89.97 | C548: {=INDEX(DataAll!$E$2:$E$555,MATCH(LOWER(Data!A548),LOWER(DataAll!$D$2:$D$555),0))} -> 42.56 | D548: {=INDEX(DataAll!$H$2:$H$579,MATCH(LOWER(Data!A548),LOWER(DataAll!$G$2:$G$555),0))} -> 0.622 | E548: {=INDEX(DataAll!$K$2:$K$579,MATCH(LOWER(Data!A548),LOWER(DataAll!$J$2:$J$555),0))} -> 4 | F548: {=INDEX(DataAll!$N$2:$N$555,MATCH(LOWER(Data!A548),LOWER(DataAll!$M$2:$M$555),0))} -> 14.91 | G548: {=INDEX(DataAll!$Q$2:$Q$555,MATCH(LOWER(Data!A548),LOWER(DataAll!$P$2:$P$555),0))} -> 20.68 | H548: {=INDEX(DataAll!$T$2:$T$555,MATCH(LOWER(Data!A548),LOWER(DataAll!$S$2:$S$555),0))} -> 0.194 | I548: {=INDEX(DataAll!$W$2:$W$555,MATCH(LOWER(Data!A548),LOWER(DataAll!$V$2:$V$555),0))} -> 43.59 | J548: {=INDEX(DataAll!$Z$2:$Z$555,MATCH(LOWER(Data!A548),LOWER(DataAll!$Y$2:$Y$555),0))} -> 2.53 | K548: {=INDEX(DataAll!$AM$2:$AM$555,MATCH(LOWER(Data!A548),LOWER(DataAll!$AL$2:$AL$555),0))} -> 37.09 | L548: {=INDEX(DataAll!$AJ$2:$AJ$555,MATCH(LOWER(Data!A548),LOWER(DataAll!$AI$2:$AI$555),0))} -> 75.83 | M548: {=INDEX(DataAll!$AP$2:$AP$555,MATCH(LOWER(Data!A548),LOWER(DataAll!$AO$2:$AO$555),0))} -> 54.08 | N548: {=INDEX(DataAll!$AQ$2:$AQ$555,MATCH(LOWER(Data!A548),LOWER(DataAll!$AO$2:$AO$555),0))} -> 57.45 | O548: {=INDEX(DataAll!$AT$2:$AT$555,MATCH(LOWER(Data!A548),LOWER(DataAll!$AS$2:$AS$555),0))} -> 2.51 | P548: {=INDEX(DataAll!$AU$2:$AU$555,MATCH(LOWER(Data!A548),LOWER(DataAll!$AS$2:$AS$555),0))} -> 1.7 | Q548: {=INDEX(DataAll!$AX$2:$AX$556,MATCH(LOWER(Data!A548),LOWER(DataAll!$AW$2:$AW$556),0))} -> 12.43 | R548: {=INDEX('Longitude and Latitude'!$B$2:$B$579,MATCH(LOWER(Data!A548),LOWER('Longitude and Latitude'!$A$2:$A$579),0))} -> -3.7852847 | S548: {=INDEX('Longitude and Latitude'!$C$2:$C$579,MATCH(LOWER(Data!A548),LOWER('Longitude and Latitude'!$A$2:$A$579),0))} -> 139.4466 | T548: =IF(EXACT(A548, UPPER(A548)), TRUE, FALSE) -> FALSE
A549: Lanny Jaya | B549: 94.14 | C549: {=INDEX(DataAll!$E$2:$E$555,MATCH(LOWER(Data!A549),LOWER(DataAll!$D$2:$D$555),0))} -> 27.24 | D549: {=INDEX(DataAll!$H$2:$H$579,MATCH(LOWER(Data!A549),LOWER(DataAll!$G$2:$G$555),0))} -> 0.837 | F549: {=INDEX(DataAll!$N$2:$N$555,MATCH(LOWER(Data!A549),LOWER(DataAll!$M$2:$M$555),0))} -> 7.33 | G549: {=INDEX(DataAll!$Q$2:$Q$555,MATCH(LOWER(Data!A549),LOWER(DataAll!$P$2:$P$555),0))} -> 20.07 | H549: {=INDEX(DataAll!$T$2:$T$555,MATCH(LOWER(Data!A549),LOWER(DataAll!$S$2:$S$555),0))} -> 0.149 | I549: {=INDEX(DataAll!$W$2:$W$555,MATCH(LOWER(Data!A549),LOWER(DataAll!$V$2:$V$555),0))} -> 42.12 | J549: {=INDEX(DataAll!$Z$2:$Z$555,MATCH(LOWER(Data!A549),LOWER(DataAll!$Y$2:$Y$555),0))} -> 2.69 | K549: {=INDEX(DataAll!$AM$2:$AM$555,MATCH(LOWER(Data!A549),LOWER(DataAll!$AL$2:$AL$555),0))} -> 36.94 | L549: {=INDEX(DataAll!$AJ$2:$AJ$555,MATCH(LOWER(Data!A549),LOWER(DataAll!$AI$2:$AI$555),0))} -> 57.68 | M549: {=INDEX(DataAll!$AP$2:$AP$555,MATCH(LOWER(Data!A549),LOWER(DataAll!$AO$2:$AO$555),0))} -> 64.6 | N549: {=INDEX(DataAll!$AQ$2:$AQ$555,MATCH(LOWER(Data!A549),LOWER(DataAll!$AO$2:$AO$555),0))} -> 68.51 | O549: {=INDEX(DataAll!$AT$2:$AT$555,MATCH(LOWER(Data!A549),LOWER(DataAll!$AS$2:$AS$555),0))} -> 4.87 | P549: {=INDEX(DataAll!$AU$2:$AU$555,MATCH(LOWER(Data!A549),LOWER(DataAll!$AS$2:$AS$555),0))} -> 2.21 | Q549: {=INDEX(DataAll!$AX$2:$AX$556,MATCH(LOWER(Data!A549),LOWER(DataAll!$AW$2:$AW$556),0))} -> 12.69 | R549: {=INDEX('Longitude and Latitude'!$B$2:$B$579,MATCH(LOWER(Data!A549),LOWER('Longitude and Latitude'!$A$2:$A$579),0))} -> -6.7125476 | S549: {=INDEX('Longitude and Latitude'!$C$2:$C$579,MATCH(LOWER(Data!A549),LOWER('Longitude and Latitude'!$A$2:$A$579),0))} -> 106.95424 | T549: =IF(EXACT(A549, UPPER(A549)), TRUE, FALSE) -> FALSE
A550: Mamberamo Tengah | B550: 89.17 | C550: {=INDEX(DataAll!$E$2:$E$555,MATCH(LOWER(Data!A550),LOWER(DataAll!$D$2:$D$555),0))} -> 52.77 | D550: {=INDEX(DataAll!$H$2:$H$579,MATCH(LOWER(Data!A550),LOWER(DataAll!$G$2:$G$555),0))} -> 0.512 | E550: {=INDEX(DataAll!$K$2:$K$579,MATCH(LOWER(Data!A550),LOWER(DataAll!$J$2:$J$555),0))} -> 10 | F550: {=INDEX(DataAll!$N$2:$N$555,MATCH(LOWER(Data!A550),LOWER(DataAll!$M$2:$M$555),0))} -> 19.23 | G550: {=INDEX(DataAll!$Q$2:$Q$555,MATCH(LOWER(Data!A550),LOWER(DataAll!$P$2:$P$555),0))} -> 26.1 | H550: {=INDEX(DataAll!$T$2:$T$555,MATCH(LOWER(Data!A550),LOWER(DataAll!$S$2:$S$555),0))} -> 0.206 | I550: {=INDEX(DataAll!$W$2:$W$555,MATCH(LOWER(Data!A550),LOWER(DataAll!$V$2:$V$555),0))} -> 43.79 | J550: {=INDEX(DataAll!$Z$2:$Z$555,MATCH(LOWER(Data!A550),LOWER(DataAll!$Y$2:$Y$555),0))} -> 2.44 | K550: {=INDEX(DataAll!$AM$2:$AM$555,MATCH(LOWER(Data!A550),LOWER(DataAll!$AL$2:$AL$555),0))} -> 35.42 | L550: {=INDEX(DataAll!$AJ$2:$AJ$555,MATCH(LOWER(Data!A550),LOWER(DataAll!$AI$2:$AI$555),0))} -> 46.28 | M550: {=INDEX(DataAll!$AP$2:$AP$555,MATCH(LOWER(Data!A550),LOWER(DataAll!$AO$2:$AO$555),0))} -> 62.28 | N550: {=INDEX(DataAll!$AQ$2:$AQ$555,MATCH(LOWER(Data!A550),LOWER(DataAll!$AO$2:$AO$555),0))} -> 66.09 | O550: {=INDEX(DataAll!$AT$2:$AT$555,MATCH(LOWER(Data!A550),LOWER(DataAll!$AS$2:$AS$555),0))} -> 5.27 | P550: {=INDEX(DataAll!$AU$2:$AU$555,MATCH(LOWER(Data!A550),LOWER(DataAll!$AS$2:$AS$555),0))} -> 2.67 | Q550: {=INDEX(DataAll!$AX$2:$AX$556,MATCH(LOWER(Data!A550),LOWER(DataAll!$AW$2:$AW$556),0))} -> 19.65 | R550: {=INDEX('Longitude and Latitude'!$B$2:$B$579,MATCH(LOWER(Data!A550),LOWER('Longitude and Latitude'!$A$2:$A$579),0))} -> -4.0193872 | S550: {=INDEX('Longitude and Latitude'!$C$2:$C$579,MATCH(LOWER(Data!A550),LOWER('Longitude and Latitude'!$A$2:$A$579),0))} -> 135.96104 | T550: =IF(EXACT(A550, UPPER(A550)), TRUE, FALSE) -> FALSE
A551: Yalimo | B551: 85.96 | C551: {=INDEX(DataAll!$E$2:$E$555,MATCH(LOWER(Data!A551),LOWER(DataAll!$D$2:$D$555),0))} -> 44.15 | D551: {=INDEX(DataAll!$H$2:$H$579,MATCH(LOWER(Data!A551),LOWER(DataAll!$G$2:$G$555),0))} -> 0.824 | F551: {=INDEX(DataAll!$N$2:$N$555,MATCH(LOWER(Data!A551),LOWER(DataAll!$M$2:$M$555),0))} -> 72.92 | G551: {=INDEX(DataAll!$Q$2:$Q$555,MATCH(LOWER(Data!A551),LOWER(DataAll!$P$2:$P$555),0))} -> 17.94 | H551: {=INDEX(DataAll!$T$2:$T$555,MATCH(LOWER(Data!A551),LOWER(DataAll!$S$2:$S$555),0))} -> 0.257 | I551: {=INDEX(DataAll!$W$2:$W$555,MATCH(LOWER(Data!A551),LOWER(DataAll!$V$2:$V$555),0))} -> 45.18 | J551: {=INDEX(DataAll!$Z$2:$Z$555,MATCH(LOWER(Data!A551),LOWER(DataAll!$Y$2:$Y$555),0))} -> 2.79 | K551: {=INDEX(DataAll!$AM$2:$AM$555,MATCH(LOWER(Data!A551),LOWER(DataAll!$AL$2:$AL$555),0))} -> 30.97 | L551: {=INDEX(DataAll!$AJ$2:$AJ$555,MATCH(LOWER(Data!A551),LOWER(DataAll!$AI$2:$AI$555),0))} -> 47.01 | M551: {=INDEX(DataAll!$AP$2:$AP$555,MATCH(LOWER(Data!A551),LOWER(DataAll!$AO$2:$AO$555),0))} -> 64.05 | N551: {=INDEX(DataAll!$AQ$2:$AQ$555,MATCH(LOWER(Data!A551),LOWER(DataAll!$AO$2:$AO$555),0))} -> 67.94 | O551: {=INDEX(DataAll!$AT$2:$AT$555,MATCH(LOWER(Data!A551),LOWER(DataAll!$AS$2:$AS$555),0))} -> 5.13 | P551: {=INDEX(DataAll!$AU$2:$AU$555,MATCH(LOWER(Data!A551),LOWER(DataAll!$AS$2:$AS$555),0))} -> 3.34 | Q551: {=INDEX(DataAll!$AX$2:$AX$556,MATCH(LOWER(Data!A551),LOWER(DataAll!$AW$2:$AW$556),0))} -> 21.79 | R551: {=INDEX('Longitude and Latitude'!$B$2:$B$579,MATCH(LOWER(Data!A551),LOWER('Longitude and Latitude'!$A$2:$A$579),0))} -> -3.5076422 | S551: {=INDEX('Longitude and Latitude'!$C$2:$C$579,MATCH(LOWER(Data!A551),LOWER('Longitude and Latitude'!$A$2:$A$579),0))} -> 136.74785 | T551: =IF(EXACT(A551, UPPER(A551)), TRUE, FALSE) -> FALSE
A552: Puncak | B552: 85.56 | C552: {=INDEX(DataAll!$E$2:$E$555,MATCH(LOWER(Data!A552),LOWER(DataAll!$D$2:$D$555),0))} -> 46.45 | D552: {=INDEX(DataAll!$H$2:$H$579,MATCH(LOWER(Data!A552),LOWER(DataAll!$G$2:$G$555),0))} -> 0.694 | E552: {=INDEX(DataAll!$K$2:$K$579,MATCH(LOWER(Data!A552),LOWER(DataAll!$J$2:$J$555),0))} -> 4 | F552: {=INDEX(DataAll!$N$2:$N$555,MATCH(LOWER(Data!A552),LOWER(DataAll!$M$2:$M$555),0))} -> 27.11 | G552: {=INDEX(DataAll!$Q$2:$Q$555,MATCH(LOWER(Data!A552),LOWER(DataAll!$P$2:$P$555),0))} -> 47.27 | H552: {=INDEX(DataAll!$T$2:$T$555,MATCH(LOWER(Data!A552),LOWER(DataAll!$S$2:$S$555),0))} -> 0.454 | I552: {=INDEX(DataAll!$W$2:$W$555,MATCH(LOWER(Data!A552),LOWER(DataAll!$V$2:$V$555),0))} -> 30.36 | J552: {=INDEX(DataAll!$Z$2:$Z$555,MATCH(LOWER(Data!A552),LOWER(DataAll!$Y$2:$Y$555),0))} -> 2.77 | K552: {=INDEX(DataAll!$AM$2:$AM$555,MATCH(LOWER(Data!A552),LOWER(DataAll!$AL$2:$AL$555),0))} -> 36.44 | L552: {=INDEX(DataAll!$AJ$2:$AJ$555,MATCH(LOWER(Data!A552),LOWER(DataAll!$AI$2:$AI$555),0))} -> 59.99 | M552: {=INDEX(DataAll!$AP$2:$AP$555,MATCH(LOWER(Data!A552),LOWER(DataAll!$AO$2:$AO$555),0))} -> 64.57 | N552: {=INDEX(DataAll!$AQ$2:$AQ$555,MATCH(LOWER(Data!A552),LOWER(DataAll!$AO$2:$AO$555),0))} -> 68.4 | O552: {=INDEX(DataAll!$AT$2:$AT$555,MATCH(LOWER(Data!A552),LOWER(DataAll!$AS$2:$AS$555),0))} -> 2.77 | P552: {=INDEX(DataAll!$AU$2:$AU$555,MATCH(LOWER(Data!A552),LOWER(DataAll!$AS$2:$AS$555),0))} -> 1.37 | Q552: {=INDEX(DataAll!$AX$2:$AX$556,MATCH(LOWER(Data!A552),LOWER(DataAll!$AW$2:$AW$556),0))} -> 2.06 | R552: {=INDEX('Longitude and Latitude'!$B$2:$B$579,MATCH(LOWER(Data!A552),LOWER('Longitude and Latitude'!$A$2:$A$579),0))} -> -4.0974893 | S552: {=INDEX('Longitude and Latitude'!$C$2:$C$579,MATCH(LOWER(Data!A552),LOWER('Longitude and Latitude'!$A$2:$A$579),0))} -> 136.43931 | T552: =IF(EXACT(A552, UPPER(A552)), TRUE, FALSE) -> FALSE
A553: Dogiyai | B553: 81.53 | C553: {=INDEX(DataAll!$E$2:$E$555,MATCH(LOWER(Data!A553),LOWER(DataAll!$D$2:$D$555),0))} -> 51.83 | D553: {=INDEX(DataAll!$H$2:$H$579,MATCH(LOWER(Data!A553),LOWER(DataAll!$G$2:$G$555),0))} -> 0.693 | F553: {=INDEX(DataAll!$N$2:$N$555,MATCH(LOWER(Data!A553),LOWER(DataAll!$M$2:$M$555),0))} -> 47.29 | G553: {=INDEX(DataAll!$Q$2:$Q$555,MATCH(LOWER(Data!A553),LOWER(DataAll!$P$2:$P$555),0))} -> 67.17 | H553: {=INDEX(DataAll!$T$2:$T$555,MATCH(LOWER(Data!A553),LOWER(DataAll!$S$2:$S$555),0))} -> 0.288 | I553: {=INDEX(DataAll!$W$2:$W$555,MATCH(LOWER(Data!A553),LOWER(DataAll!$V$2:$V$555),0))} -> 41.33 | J553: {=INDEX(DataAll!$Z$2:$Z$555,MATCH(LOWER(Data!A553),LOWER(DataAll!$Y$2:$Y$555),0))} -> 3.28 | K553: {=INDEX(DataAll!$AM$2:$AM$555,MATCH(LOWER(Data!A553),LOWER(DataAll!$AL$2:$AL$555),0))} -> 29.2 | L553: {=INDEX(DataAll!$AJ$2:$AJ$555,MATCH(LOWER(Data!A553),LOWER(DataAll!$AI$2:$AI$555),0))} -> 60.34 | M553: {=INDEX(DataAll!$AP$2:$AP$555,MATCH(LOWER(Data!A553),LOWER(DataAll!$AO$2:$AO$555),0))} -> 64.48 | N553: {=INDEX(DataAll!$AQ$2:$AQ$555,MATCH(LOWER(Data!A553),LOWER(DataAll!$AO$2:$AO$555),0))} -> 68.39 | O553: {=INDEX(DataAll!$AT$2:$AT$555,MATCH(LOWER(Data!A553),LOWER(DataAll!$AS$2:$AS$555),0))} -> 5.45 | P553: {=INDEX(DataAll!$AU$2:$AU$555,MATCH(LOWER(Data!A553),LOWER(DataAll!$AS$2:$AS$555),0))} -> 4.13 | Q553: {=INDEX(DataAll!$AX$2:$AX$556,MATCH(LOWER(Data!A553),LOWER(DataAll!$AW$2:$AW$556),0))} -> 11.05 | R553: {=INDEX('Longitude and Latitude'!$B$2:$B$579,MATCH(LOWER(Data!A553),LOWER('Longitude and Latitude'!$A$2:$A$579),0))} -> -2.533 | S553: {=INDEX('Longitude and Latitude'!$C$2:$C$579,MATCH(LOWER(Data!A553),LOWER('Longitude and Latitude'!$A$2:$A$579),0))} -> 140.717 | T553: =IF(EXACT(A553, UPPER(A553)), TRUE, FALSE) -> FALSE
A554: Intan Jaya | B554: 73.26 | C554: {=INDEX(DataAll!$E$2:$E$555,MATCH(LOWER(Data!A554),LOWER(DataAll!$D$2:$D$555),0))} -> 35.89 | D554: {=INDEX(DataAll!$H$2:$H$579,MATCH(LOWER(Data!A554),LOWER(DataAll!$G$2:$G$555),0))} -> 0.887 | F554: {=INDEX(DataAll!$N$2:$N$555,MATCH(LOWER(Data!A554),LOWER(DataAll!$M$2:$M$555),0))} -> 18.76 | G554: {=INDEX(DataAll!$Q$2:$Q$555,MATCH(LOWER(Data!A554),LOWER(DataAll!$P$2:$P$555),0))} -> 41.29 | H554: {=INDEX(DataAll!$T$2:$T$555,MATCH(LOWER(Data!A554),LOWER(DataAll!$S$2:$S$555),0))} -> 0.484 | I554: {=INDEX(DataAll!$W$2:$W$555,MATCH(LOWER(Data!A554),LOWER(DataAll!$V$2:$V$555),0))} -> 65.07 | J554: {=INDEX(DataAll!$Z$2:$Z$555,MATCH(LOWER(Data!A554),LOWER(DataAll!$Y$2:$Y$555),0))} -> 2.87 | K554: {=INDEX(DataAll!$AM$2:$AM$555,MATCH(LOWER(Data!A554),LOWER(DataAll!$AL$2:$AL$555),0))} -> 40.01 | L554: {=INDEX(DataAll!$AJ$2:$AJ$555,MATCH(LOWER(Data!A554),LOWER(DataAll!$AI$2:$AI$555),0))} -> 59.99 | M554: {=INDEX(DataAll!$AP$2:$AP$555,MATCH(LOWER(Data!A554),LOWER(DataAll!$AO$2:$AO$555),0))} -> 64.22 | N554: {=INDEX(DataAll!$AQ$2:$AQ$555,MATCH(LOWER(Data!A554),LOWER(DataAll!$AO$2:$AO$555),0))} -> 68.11 | O554: {=INDEX(DataAll!$AT$2:$AT$555,MATCH(LOWER(Data!A554),LOWER(DataAll!$AS$2:$AS$555),0))} -> 4.76 | P554: {=INDEX(DataAll!$AU$2:$AU$555,MATCH(LOWER(Data!A554),LOWER(DataAll!$AS$2:$AS$555),0))} -> 2.06 | Q554: {=INDEX(DataAll!$AX$2:$AX$556,MATCH(LOWER(Data!A554),LOWER(DataAll!$AW$2:$AW$556),0))} -> 2.32 | R554: {=INDEX('Longitude and Latitude'!$B$2:$B$579,MATCH(LOWER(Data!A554),LOWER('Longitude and Latitude'!$A$2:$A$579),0))} -> -8.4960406 | S554: {=INDEX('Longitude and Latitude'!$C$2:$C$579,MATCH(LOWER(Data!A554),LOWER('Longitude and Latitude'!$A$2:$A$579),0))} -> 140.39455 | T554: =IF(EXACT(A554, UPPER(A554)), TRUE, FALSE) -> FALSE
A555: Deiyai | B555: 70.95 | C555: {=INDEX(DataAll!$E$2:$E$555,MATCH(LOWER(Data!A555),LOWER(DataAll!$D$2:$D$555),0))} -> 49.7 | D555: {=INDEX(DataAll!$H$2:$H$579,MATCH(LOWER(Data!A555),LOWER(DataAll!$G$2:$G$555),0))} -> 0.879 | F555: {=INDEX(DataAll!$N$2:$N$555,MATCH(LOWER(Data!A555),LOWER(DataAll!$M$2:$M$555),0))} -> 36.27 | G555: {=INDEX(DataAll!$Q$2:$Q$555,MATCH(LOWER(Data!A555),LOWER(DataAll!$P$2:$P$555),0))} -> 66.76 | H555: {=INDEX(DataAll!$T$2:$T$555,MATCH(LOWER(Data!A555),LOWER(DataAll!$S$2:$S$555),0))} -> 0.161 | I555: {=INDEX(DataAll!$W$2:$W$555,MATCH(LOWER(Data!A555),LOWER(DataAll!$V$2:$V$555),0))} -> 56.9 | J555: {=INDEX(DataAll!$Z$2:$Z$555,MATCH(LOWER(Data!A555),LOWER(DataAll!$Y$2:$Y$555),0))} -> 3.34 | K555: {=INDEX(DataAll!$AM$2:$AM$555,MATCH(LOWER(Data!A555),LOWER(DataAll!$AL$2:$AL$555),0))} -> 38.66 | L555: {=INDEX(DataAll!$AJ$2:$AJ$555,MATCH(LOWER(Data!A555),LOWER(DataAll!$AI$2:$AI$555),0))} -> 60.34 | M555: {=INDEX(DataAll!$AP$2:$AP$555,MATCH(LOWER(Data!A555),LOWER(DataAll!$AO$2:$AO$555),0))} -> 64.04 | N555: {=INDEX(DataAll!$AQ$2:$AQ$555,MATCH(LOWER(Data!A555),LOWER(DataAll!$AO$2:$AO$555),0))} -> 67.92 | O555: {=INDEX(DataAll!$AT$2:$AT$555,MATCH(LOWER(Data!A555),LOWER(DataAll!$AS$2:$AS$555),0))} -> 4.4 | P555: {=INDEX(DataAll!$AU$2:$AU$555,MATCH(LOWER(Data!A555),LOWER(DataAll!$AS$2:$AS$555),0))} -> 1.83 | Q555: {=INDEX(DataAll!$AX$2:$AX$556,MATCH(LOWER(Data!A555),LOWER(DataAll!$AW$2:$AW$556),0))} -> 3.23 | R555: {=INDEX('Longitude and Latitude'!$B$2:$B$579,MATCH(LOWER(Data!A555),LOWER('Longitude and Latitude'!$A$2:$A$579),0))} -> -5.7400018 | S555: {=INDEX('Longitude and Latitude'!$C$2:$C$579,MATCH(LOWER(Data!A555),LOWER('Longitude and Latitude'!$A$2:$A$579),0))} -> 140.34818 | T555: =IF(EXACT(A555, UPPER(A555)), TRUE, FALSE) -> FALSE
A556: Kota Jayapura | B556: 94.74 | C556: {=INDEX(DataAll!$E$2:$E$555,MATCH(LOWER(Data!A556),LOWER(DataAll!$D$2:$D$555),0))} -> 77.65 | D556: 0.29 | E556: {=INDEX(DataAll!$K$2:$K$579,MATCH(LOWER(Data!A556),LOWER(DataAll!$J$2:$J$555),0))} -> 23.08 | F556: {=INDEX(DataAll!$N$2:$N$555,MATCH(LOWER(Data!A556),LOWER(DataAll!$M$2:$M$555),0))} -> 40.54 | G556: {=INDEX(DataAll!$Q$2:$Q$555,MATCH(LOWER(Data!A556),LOWER(DataAll!$P$2:$P$555),0))} -> 18.59 | H556: 0.194 | I556: {=INDEX(DataAll!$W$2:$W$555,MATCH(LOWER(Data!A556),LOWER(DataAll!$V$2:$V$555),0))} -> 35.24 | J556: {=INDEX(DataAll!$Z$2:$Z$555,MATCH(LOWER(Data!A556),LOWER(DataAll!$Y$2:$Y$555),0))} -> 2.31 | K556: {=INDEX(DataAll!$AM$2:$AM$556,MATCH(LOWER(Data!A556),LOWER(DataAll!$AL$2:$AL$556),0))} -> 10.5 | L556: {=INDEX(DataAll!$AJ$2:$AJ$555,MATCH(LOWER(Data!A556),LOWER(DataAll!$AI$2:$AI$555),0))} -> 30.14 | M556: {=INDEX(DataAll!$AP$2:$AP$556,MATCH(LOWER(Data!A556),LOWER(DataAll!$AO$2:$AO$556),0))} -> 69.14 | N556: {=INDEX(DataAll!$AQ$2:$AQ$556,MATCH(LOWER(Data!A556),LOWER(DataAll!$AO$2:$AO$556),0))} -> 73.1 | O556: {=INDEX(DataAll!$AT$2:$AT$556,MATCH(LOWER(Data!A556),LOWER(DataAll!$AS$2:$AS$556),0))} -> 12.17 | P556: {=INDEX(DataAll!$AU$2:$AU$556,MATCH(LOWER(Data!A556),LOWER(DataAll!$AS$2:$AS$556),0))} -> 11.67 | Q556: {=INDEX(DataAll!$AX$2:$AX$556,MATCH(LOWER(Data!A556),LOWER(DataAll!$AW$2:$AW$556),0))} -> 69.7 | R556: {=INDEX('Longitude and Latitude'!$B$2:$B$579,MATCH(LOWER(Data!A556),LOWER('Longitude and Latitude'!$A$2:$A$579),0))} -> -7.102232 | S556: {=INDEX('Longitude and Latitude'!$C$2:$C$579,MATCH(LOWER(Data!A556),LOWER('Longitude and Latitude'!$A$2:$A$579),0))} -> 139.39639 | T556: =IF(EXACT(A556, UPPER(A556)), TRUE, FALSE) -> FALSE
A557: PAPUA SELATAN | B557: - | C557: {=INDEX(DataAll!$E$2:$E$555,MATCH(LOWER(Data!A557),LOWER(DataAll!$D$2:$D$555),0))} -> #N/A | D557: {=INDEX(DataAll!$H$2:$H$579,MATCH(LOWER(Data!A557),LOWER(DataAll!$G$2:$G$555),0))} -> #N/A | E557: {=INDEX(DataAll!$K$2:$K$579,MATCH(LOWER(Data!A557),LOWER(DataAll!$J$2:$J$555),0))} -> #N/A | F557: {=INDEX(DataAll!$N$2:$N$555,MATCH(LOWER(Data!A557),LOWER(DataAll!$M$2:$M$555),0))} -> #N/A | G557: {=INDEX(DataAll!$Q$2:$Q$555,MATCH(LOWER(Data!A557),LOWER(DataAll!$P$2:$P$555),0))} -> #N/A | H557: {=INDEX(DataAll!$T$2:$T$555,MATCH(LOWER(Data!A557),LOWER(DataAll!$S$2:$S$555),0))} -> #N/A | I557: {=INDEX(DataAll!$W$2:$W$555,MATCH(LOWER(Data!A557),LOWER(DataAll!$V$2:$V$555),0))} -> #N/A | J557: {=INDEX(DataAll!$Z$2:$Z$555,MATCH(LOWER(Data!A557),LOWER(DataAll!$Y$2:$Y$555),0))} -> #N/A | K557: {=INDEX(DataAll!$AM$2:$AM$555,MATCH(LOWER(Data!A557),LOWER(DataAll!$AL$2:$AL$555),0))} -> #N/A | L557: {=INDEX(DataAll!$AJ$2:$AJ$555,MATCH(LOWER(Data!A557),LOWER(DataAll!$AI$2:$AI$555),0))} -> #N/A | M557: {=INDEX(DataAll!$AP$2:$AP$555,MATCH(LOWER(Data!A557),LOWER(DataAll!$AO$2:$AO$555),0))} -> #N/A | N557: {=INDEX(DataAll!$AQ$2:$AQ$555,MATCH(LOWER(Data!A557),LOWER(DataAll!$AO$2:$AO$555),0))} -> #N/A | O557: {=INDEX(DataAll!$AT$2:$AT$555,MATCH(LOWER(Data!A557),LOWER(DataAll!$AS$2:$AS$555),0))} -> #N/A | P557: {=INDEX(DataAll!$AU$2:$AU$555,MATCH(LOWER(Data!A557),LOWER(DataAll!$AS$2:$AS$555),0))} -> #N/A | Q557: {=INDEX(DataAll!$AX$2:$AX$556,MATCH(LOWER(Data!A557),LOWER(DataAll!$AW$2:$AW$556),0))} -> #N/A | R557: {=INDEX('Longitude and Latitude'!$B$2:$B$579,MATCH(LOWER(Data!A557),LOWER('Longitude and Latitude'!$A$2:$A$579),0))} -> -5.0573958 | S557: {=INDEX('Longitude and Latitude'!$C$2:$C$579,MATCH(LOWER(Data!A557),LOWER('Longitude and Latitude'!$A$2:$A$579),0))} -> 138.39882 | T557: =IF(EXACT(A557, UPPER(A557)), TRUE, FALSE) -> TRUE
A558: Merauke | C558: {=INDEX(DataAll!$E$2:$E$555,MATCH(LOWER(Data!A558),LOWER(DataAll!$D$2:$D$555),0))} -> 58.74 | D558: {=INDEX(DataAll!$H$2:$H$579,MATCH(LOWER(Data!A558),LOWER(DataAll!$G$2:$G$555),0))} -> 0.496 | E558: {=INDEX(DataAll!$K$2:$K$579,MATCH(LOWER(Data!A558),LOWER(DataAll!$J$2:$J$555),0))} -> 6.67 | F558: {=INDEX(DataAll!$N$2:$N$555,MATCH(LOWER(Data!A558),LOWER(DataAll!$M$2:$M$555),0))} -> 42.12 | G558: {=INDEX(DataAll!$Q$2:$Q$555,MATCH(LOWER(Data!A558),LOWER(DataAll!$P$2:$P$555),0))} -> 23.02 | H558: {=INDEX(DataAll!$T$2:$T$555,MATCH(LOWER(Data!A558),LOWER(DataAll!$S$2:$S$555),0))} -> 0.287 | I558: {=INDEX(DataAll!$W$2:$W$555,MATCH(LOWER(Data!A558),LOWER(DataAll!$V$2:$V$555),0))} -> 37.26 | J558: {=INDEX(DataAll!$Z$2:$Z$555,MATCH(LOWER(Data!A558),LOWER(DataAll!$Y$2:$Y$555),0))} -> 2.74 | K558: {=INDEX(DataAll!$AM$2:$AM$555,MATCH(LOWER(Data!A558),LOWER(DataAll!$AL$2:$AL$555),0))} -> 10.01 | L558: {=INDEX(DataAll!$AJ$2:$AJ$555,MATCH(LOWER(Data!A558),LOWER(DataAll!$AI$2:$AI$555),0))} -> 31.15 | M558: {=INDEX(DataAll!$AP$2:$AP$555,MATCH(LOWER(Data!A558),LOWER(DataAll!$AO$2:$AO$555),0))} -> 65.66 | N558: {=INDEX(DataAll!$AQ$2:$AQ$555,MATCH(LOWER(Data!A558),LOWER(DataAll!$AO$2:$AO$555),0))} -> 69.63 | O558: {=INDEX(DataAll!$AT$2:$AT$555,MATCH(LOWER(Data!A558),LOWER(DataAll!$AS$2:$AS$555),0))} -> 9.27 | P558: {=INDEX(DataAll!$AU$2:$AU$555,MATCH(LOWER(Data!A558),LOWER(DataAll!$AS$2:$AS$555),0))} -> 9 | Q558: {=INDEX(DataAll!$AX$2:$AX$556,MATCH(LOWER(Data!A558),LOWER(DataAll!$AW$2:$AW$556),0))} -> 52.55 | R558: {=INDEX('Longitude and Latitude'!$B$2:$B$579,MATCH(LOWER(Data!A558),LOWER('Longitude and Latitude'!$A$2:$A$579),0))} -> -2.533 | S558: {=INDEX('Longitude and Latitude'!$C$2:$C$579,MATCH(LOWER(Data!A558),LOWER('Longitude and Latitude'!$A$2:$A$579),0))} -> 140.717 | T558: =IF(EXACT(A558, UPPER(A558)), TRUE, FALSE) -> FALSE
A559: Boven Digoel | C559: {=INDEX(DataAll!$E$2:$E$555,MATCH(LOWER(Data!A559),LOWER(DataAll!$D$2:$D$555),0))} -> 52.35 | D559: {=INDEX(DataAll!$H$2:$H$579,MATCH(LOWER(Data!A559),LOWER(DataAll!$G$2:$G$555),0))} -> 0.529 | E559: {=INDEX(DataAll!$K$2:$K$579,MATCH(LOWER(Data!A559),LOWER(DataAll!$J$2:$J$555),0))} -> 5 | F559: {=INDEX(DataAll!$N$2:$N$555,MATCH(LOWER(Data!A559),LOWER(DataAll!$M$2:$M$555),0))} -> 35.81 | G559: {=INDEX(DataAll!$Q$2:$Q$555,MATCH(LOWER(Data!A559),LOWER(DataAll!$P$2:$P$555),0))} -> 39.13 | H559: {=INDEX(DataAll!$T$2:$T$555,MATCH(LOWER(Data!A559),LOWER(DataAll!$S$2:$S$555),0))} -> 0.276 | I559: {=INDEX(DataAll!$W$2:$W$555,MATCH(LOWER(Data!A559),LOWER(DataAll!$V$2:$V$555),0))} -> 35.87 | J559: {=INDEX(DataAll!$Z$2:$Z$555,MATCH(LOWER(Data!A559),LOWER(DataAll!$Y$2:$Y$555),0))} -> 3.51 | K559: {=INDEX(DataAll!$AM$2:$AM$555,MATCH(LOWER(Data!A559),LOWER(DataAll!$AL$2:$AL$555),0))} -> 19.8 | L559: {=INDEX(DataAll!$AJ$2:$AJ$555,MATCH(LOWER(Data!A559),LOWER(DataAll!$AI$2:$AI$555),0))} -> 46.72 | M559: {=INDEX(DataAll!$AP$2:$AP$555,MATCH(LOWER(Data!A559),LOWER(DataAll!$AO$2:$AO$555),0))} -> 59.17 | N559: {=INDEX(DataAll!$AQ$2:$AQ$555,MATCH(LOWER(Data!A559),LOWER(DataAll!$AO$2:$AO$555),0))} -> 62.86 | O559: {=INDEX(DataAll!$AT$2:$AT$555,MATCH(LOWER(Data!A559),LOWER(DataAll!$AS$2:$AS$555),0))} -> 9.61 | P559: {=INDEX(DataAll!$AU$2:$AU$555,MATCH(LOWER(Data!A559),LOWER(DataAll!$AS$2:$AS$555),0))} -> 8.68 | Q559: {=INDEX(DataAll!$AX$2:$AX$556,MATCH(LOWER(Data!A559),LOWER(DataAll!$AW$2:$AW$556),0))} -> 47.36 | R559: {=INDEX('Longitude and Latitude'!$B$2:$B$579,MATCH(LOWER(Data!A559),LOWER('Longitude and Latitude'!$A$2:$A$579),0))} -> -5.0573958 | S559: {=INDEX('Longitude and Latitude'!$C$2:$C$579,MATCH(LOWER(Data!A559),LOWER('Longitude and Latitude'!$A$2:$A$579),0))} -> 138.39882 | T559: =IF(EXACT(A559, UPPER(A559)), TRUE, FALSE) -> FALSE
A560: Mappi | C560: {=INDEX(DataAll!$E$2:$E$555,MATCH(LOWER(Data!A560),LOWER(DataAll!$D$2:$D$555),0))} -> 56.55 | D560: {=INDEX(DataAll!$H$2:$H$579,MATCH(LOWER(Data!A560),LOWER(DataAll!$G$2:$G$555),0))} -> 0.638 | E560: {=INDEX(DataAll!$K$2:$K$579,MATCH(LOWER(Data!A560),LOWER(DataAll!$J$2:$J$555),0))} -> 8 | F560: {=INDEX(DataAll!$N$2:$N$555,MATCH(LOWER(Data!A560),LOWER(DataAll!$M$2:$M$555),0))} -> 28.92 | G560: {=INDEX(DataAll!$Q$2:$Q$555,MATCH(LOWER(Data!A560),LOWER(DataAll!$P$2:$P$555),0))} -> 48.88 | H560: {=INDEX(DataAll!$T$2:$T$555,MATCH(LOWER(Data!A560),LOWER(DataAll!$S$2:$S$555),0))} -> 0.374 | I560: {=INDEX(DataAll!$W$2:$W$555,MATCH(LOWER(Data!A560),LOWER(DataAll!$V$2:$V$555),0))} -> 42.01 | J560: {=INDEX(DataAll!$Z$2:$Z$555,MATCH(LOWER(Data!A560),LOWER(DataAll!$Y$2:$Y$555),0))} -> 3.85 | K560: {=INDEX(DataAll!$AM$2:$AM$555,MATCH(LOWER(Data!A560),LOWER(DataAll!$AL$2:$AL$555),0))} -> 25.72 | L560: {=INDEX(DataAll!$AJ$2:$AJ$555,MATCH(LOWER(Data!A560),LOWER(DataAll!$AI$2:$AI$555),0))} -> 61.39 | M560: {=INDEX(DataAll!$AP$2:$AP$555,MATCH(LOWER(Data!A560),LOWER(DataAll!$AO$2:$AO$555),0))} -> 64.01 | N560: {=INDEX(DataAll!$AQ$2:$AQ$555,MATCH(LOWER(Data!A560),LOWER(DataAll!$AO$2:$AO$555),0))} -> 67.89 | O560: {=INDEX(DataAll!$AT$2:$AT$555,MATCH(LOWER(Data!A560),LOWER(DataAll!$AS$2:$AS$555),0))} -> 7.74 | P560: {=INDEX(DataAll!$AU$2:$AU$555,MATCH(LOWER(Data!A560),LOWER(DataAll!$AS$2:$AS$555),0))} -> 6.15 | Q560: {=INDEX(DataAll!$AX$2:$AX$556,MATCH(LOWER(Data!A560),LOWER(DataAll!$AW$2:$AW$556),0))} -> 30.21 | R560: {=INDEX('Longitude and Latitude'!$B$2:$B$579,MATCH(LOWER(Data!A560),LOWER('Longitude and Latitude'!$A$2:$A$579),0))} -> -4.4939717 | S560: {=INDEX('Longitude and Latitude'!$C$2:$C$579,MATCH(LOWER(Data!A560),LOWER('Longitude and Latitude'!$A$2:$A$579),0))} -> 139.528 | T560: =IF(EXACT(A560, UPPER(A560)), TRUE, FALSE) -> FALSE
A561: Asmat | C561: {=INDEX(DataAll!$E$2:$E$555,MATCH(LOWER(Data!A561),LOWER(DataAll!$D$2:$D$555),0))} -> 73.68 | D561: {=INDEX(DataAll!$H$2:$H$579,MATCH(LOWER(Data!A561),LOWER(DataAll!$G$2:$G$555),0))} -> 0.479 | E561: {=INDEX(DataAll!$K$2:$K$579,MATCH(LOWER(Data!A561),LOWER(DataAll!$J$2:$J$555),0))} -> 32 | F561: {=INDEX(DataAll!$N$2:$N$555,MATCH(LOWER(Data!A561),LOWER(DataAll!$M$2:$M$555),0))} -> 25.18 | G561: {=INDEX(DataAll!$Q$2:$Q$555,MATCH(LOWER(Data!A561),LOWER(DataAll!$P$2:$P$555),0))} -> 42.88 | H561: {=INDEX(DataAll!$T$2:$T$555,MATCH(LOWER(Data!A561),LOWER(DataAll!$S$2:$S$555),0))} -> 0.366 | I561: {=INDEX(DataAll!$W$2:$W$555,MATCH(LOWER(Data!A561),LOWER(DataAll!$V$2:$V$555),0))} -> 42.41 | J561: {=INDEX(DataAll!$Z$2:$Z$555,MATCH(LOWER(Data!A561),LOWER(DataAll!$Y$2:$Y$555),0))} -> 4.22 | K561: {=INDEX(DataAll!$AM$2:$AM$555,MATCH(LOWER(Data!A561),LOWER(DataAll!$AL$2:$AL$555),0))} -> 24.36 | L561: {=INDEX(DataAll!$AJ$2:$AJ$555,MATCH(LOWER(Data!A561),LOWER(DataAll!$AI$2:$AI$555),0))} -> 57.03 | M561: {=INDEX(DataAll!$AP$2:$AP$555,MATCH(LOWER(Data!A561),LOWER(DataAll!$AO$2:$AO$555),0))} -> 57.44 | N561: {=INDEX(DataAll!$AQ$2:$AQ$555,MATCH(LOWER(Data!A561),LOWER(DataAll!$AO$2:$AO$555),0))} -> 61.03 | O561: {=INDEX(DataAll!$AT$2:$AT$555,MATCH(LOWER(Data!A561),LOWER(DataAll!$AS$2:$AS$555),0))} -> 6.6 | P561: {=INDEX(DataAll!$AU$2:$AU$555,MATCH(LOWER(Data!A561),LOWER(DataAll!$AS$2:$AS$555),0))} -> 4.83 | Q561: {=INDEX(DataAll!$AX$2:$AX$556,MATCH(LOWER(Data!A561),LOWER(DataAll!$AW$2:$AW$556),0))} -> 29.22 | R561: {=INDEX('Longitude and Latitude'!$B$2:$B$579,MATCH(LOWER(Data!A561),LOWER('Longitude and Latitude'!$A$2:$A$579),0))} -> -4.5589872 | S561: {=INDEX('Longitude and Latitude'!$C$2:$C$579,MATCH(LOWER(Data!A561),LOWER('Longitude and Latitude'!$A$2:$A$579),0))} -> 140.51356 | T561: =IF(EXACT(A561, UPPER(A561)), TRUE, FALSE) -> FALSE
A562: PAPUA TENGAH | B562: - | C562: {=INDEX(DataAll!$E$2:$E$555,MATCH(LOWER(Data!A562),LOWER(DataAll!$D$2:$D$555),0))} -> #N/A | D562: {=INDEX(DataAll!$H$2:$H$579,MATCH(LOWER(Data!A562),LOWER(DataAll!$G$2:$G$555),0))} -> #N/A | E562: {=INDEX(DataAll!$K$2:$K$579,MATCH(LOWER(Data!A562),LOWER(DataAll!$J$2:$J$555),0))} -> #N/A | F562: {=INDEX(DataAll!$N$2:$N$555,MATCH(LOWER(Data!A562),LOWER(DataAll!$M$2:$M$555),0))} -> #N/A | G562: {=INDEX(DataAll!$Q$2:$Q$555,MATCH(LOWER(Data!A562),LOWER(DataAll!$P$2:$P$555),0))} -> #N/A | H562: {=INDEX(DataAll!$T$2:$T$555,MATCH(LOWER(Data!A562),LOWER(DataAll!$S$2:$S$555),0))} -> #N/A | I562: {=INDEX(DataAll!$W$2:$W$555,MATCH(LOWER(Data!A562),LOWER(DataAll!$V$2:$V$555),0))} -> #N/A | J562: {=INDEX(DataAll!$Z$2:$Z$555,MATCH(LOWER(Data!A562),LOWER(DataAll!$Y$2:$Y$555),0))} -> #N/A | K562: {=INDEX(DataAll!$AM$2:$AM$555,MATCH(LOWER(Data!A562),LOWER(DataAll!$AL$2:$AL$555),0))} -> #N/A | L562: {=INDEX(DataAll!$AJ$2:$AJ$555,MATCH(LOWER(Data!A562),LOWER(DataAll!$AI$2:$AI$555),0))} -> #N/A | M562: {=INDEX(DataAll!$AP$2:$AP$555,MATCH(LOWER(Data!A562),LOWER(DataAll!$AO$2:$AO$555),0))} -> #N/A | N562: {=INDEX(DataAll!$AQ$2:$AQ$555,MATCH(LOWER(Data!A562),LOWER(DataAll!$AO$2:$AO$555),0))} -> #N/A | O562: {=INDEX(DataAll!$AT$2:$AT$555,MATCH(LOWER(Data!A562),LOWER(DataAll!$AS$2:$AS$555),0))} -> #N/A | P562: {=INDEX(DataAll!$AU$2:$AU$555,MATCH(LOWER(Data!A562),LOWER(DataAll!$AS$2:$AS$555),0))} -> #N/A | Q562: {=INDEX(DataAll!$AX$2:$AX$556,MATCH(LOWER(Data!A562),LOWER(DataAll!$AW$2:$AW$556),0))} -> #N/A | R562: {=INDEX('Longitude and Latitude'!$B$2:$B$579,MATCH(LOWER(Data!A562),LOWER('Longitude and Latitude'!$A$2:$A$579),0))} -> -3.7876441 | S562: {=INDEX('Longitude and Latitude'!$C$2:$C$579,MATCH(LOWER(Data!A562),LOWER('Longitude and Latitude'!$A$2:$A$579),0))} -> 136.36247 | T562: =IF(EXACT(A562, UPPER(A562)), TRUE, FALSE) -> TRUE
A563: Mimika | C563: {=INDEX(DataAll!$E$2:$E$555,MATCH(LOWER(Data!A563),LOWER(DataAll!$D$2:$D$555),0))} -> 51.06 | D563: {=INDEX(DataAll!$H$2:$H$579,MATCH(LOWER(Data!A563),LOWER(DataAll!$G$2:$G$555),0))} -> 0.513 | E563: {=INDEX(DataAll!$K$2:$K$579,MATCH(LOWER(Data!A563),LOWER(DataAll!$J$2:$J$555),0))} -> 5.88 | F563: {=INDEX(DataAll!$N$2:$N$555,MATCH(LOWER(Data!A563),LOWER(DataAll!$M$2:$M$555),0))} -> 39.74 | G563: {=INDEX(DataAll!$Q$2:$Q$555,MATCH(LOWER(Data!A563),LOWER(DataAll!$P$2:$P$555),0))} -> 28.76 | H563: {=INDEX(DataAll!$T$2:$T$555,MATCH(LOWER(Data!A563),LOWER(DataAll!$S$2:$S$555),0))} -> 0.27 | I563: {=INDEX(DataAll!$W$2:$W$555,MATCH(LOWER(Data!A563),LOWER(DataAll!$V$2:$V$555),0))} -> 23.24 | J563: {=INDEX(DataAll!$Z$2:$Z$555,MATCH(LOWER(Data!A563),LOWER(DataAll!$Y$2:$Y$555),0))} -> 2.42 | K563: {=INDEX(DataAll!$AM$2:$AM$555,MATCH(LOWER(Data!A563),LOWER(DataAll!$AL$2:$AL$555),0))} -> 13.55 | L563: {=INDEX(DataAll!$AJ$2:$AJ$555,MATCH(LOWER(Data!A563),LOWER(DataAll!$AI$2:$AI$555),0))} -> 32.13 | M563: {=INDEX(DataAll!$AP$2:$AP$555,MATCH(LOWER(Data!A563),LOWER(DataAll!$AO$2:$AO$555),0))} -> 70.86 | N563: {=INDEX(DataAll!$AQ$2:$AQ$555,MATCH(LOWER(Data!A563),LOWER(DataAll!$AO$2:$AO$555),0))} -> 74.9 | O563: {=INDEX(DataAll!$AT$2:$AT$555,MATCH(LOWER(Data!A563),LOWER(DataAll!$AS$2:$AS$555),0))} -> 10.63 | P563: {=INDEX(DataAll!$AU$2:$AU$555,MATCH(LOWER(Data!A563),LOWER(DataAll!$AS$2:$AS$555),0))} -> 10.17 | Q563: {=INDEX(DataAll!$AX$2:$AX$556,MATCH(LOWER(Data!A563),LOWER(DataAll!$AW$2:$AW$556),0))} -> 57.44 | R563: {=INDEX('Longitude and Latitude'!$B$2:$B$579,MATCH(LOWER(Data!A563),LOWER('Longitude and Latitude'!$A$2:$A$579),0))} -> -7.102232 | S563: {=INDEX('Longitude and Latitude'!$C$2:$C$579,MATCH(LOWER(Data!A563),LOWER('Longitude and Latitude'!$A$2:$A$579),0))} -> 139.39639 | T563: =IF(EXACT(A563, UPPER(A563)), TRUE, FALSE) -> FALSE
A564: Dogiyai | C564: {=INDEX(DataAll!$E$2:$E$555,MATCH(LOWER(Data!A564),LOWER(DataAll!$D$2:$D$555),0))} -> 51.83 | D564: {=INDEX(DataAll!$H$2:$H$579,MATCH(LOWER(Data!A564),LOWER(DataAll!$G$2:$G$555),0))} -> 0.693 | F564: {=INDEX(DataAll!$N$2:$N$555,MATCH(LOWER(Data!A564),LOWER(DataAll!$M$2:$M$555),0))} -> 47.29 | G564: {=INDEX(DataAll!$Q$2:$Q$555,MATCH(LOWER(Data!A564),LOWER(DataAll!$P$2:$P$555),0))} -> 67.17 | H564: {=INDEX(DataAll!$T$2:$T$555,MATCH(LOWER(Data!A564),LOWER(DataAll!$S$2:$S$555),0))} -> 0.288 | I564: {=INDEX(DataAll!$W$2:$W$555,MATCH(LOWER(Data!A564),LOWER(DataAll!$V$2:$V$555),0))} -> 41.33 | J564: {=INDEX(DataAll!$Z$2:$Z$555,MATCH(LOWER(Data!A564),LOWER(DataAll!$Y$2:$Y$555),0))} -> 3.28 | K564: {=INDEX(DataAll!$AM$2:$AM$555,MATCH(LOWER(Data!A564),LOWER(DataAll!$AL$2:$AL$555),0))} -> 29.2 | L564: {=INDEX(DataAll!$AJ$2:$AJ$555,MATCH(LOWER(Data!A564),LOWER(DataAll!$AI$2:$AI$555),0))} -> 60.34 | M564: {=INDEX(DataAll!$AP$2:$AP$555,MATCH(LOWER(Data!A564),LOWER(DataAll!$AO$2:$AO$555),0))} -> 64.48 | N564: {=INDEX(DataAll!$AQ$2:$AQ$555,MATCH(LOWER(Data!A564),LOWER(DataAll!$AO$2:$AO$555),0))} -> 68.39 | O564: {=INDEX(DataAll!$AT$2:$AT$555,MATCH(LOWER(Data!A564),LOWER(DataAll!$AS$2:$AS$555),0))} -> 5.45 | P564: {=INDEX(DataAll!$AU$2:$AU$555,MATCH(LOWER(Data!A564),LOWER(DataAll!$AS$2:$AS$555),0))} -> 4.13 | Q564: {=INDEX(DataAll!$AX$2:$AX$556,MATCH(LOWER(Data!A564),LOWER(DataAll!$AW$2:$AW$556),0))} -> 11.05 | R564: {=INDEX('Longitude and Latitude'!$B$2:$B$579,MATCH(LOWER(Data!A564),LOWER('Longitude and Latitude'!$A$2:$A$579),0))} -> -2.533 | S564: {=INDEX('Longitude and Latitude'!$C$2:$C$579,MATCH(LOWER(Data!A564),LOWER('Longitude and Latitude'!$A$2:$A$579),0))} -> 140.717 | T564: =IF(EXACT(A564, UPPER(A564)), TRUE, FALSE) -> FALSE
A565: Deiyai | C565: {=INDEX(DataAll!$E$2:$E$555,MATCH(LOWER(Data!A565),LOWER(DataAll!$D$2:$D$555),0))} -> 49.7 | D565: {=INDEX(DataAll!$H$2:$H$579,MATCH(LOWER(Data!A565),LOWER(DataAll!$G$2:$G$555),0))} -> 0.879 | F565: {=INDEX(DataAll!$N$2:$N$555,MATCH(LOWER(Data!A565),LOWER(DataAll!$M$2:$M$555),0))} -> 36.27 | G565: {=INDEX(DataAll!$Q$2:$Q$555,MATCH(LOWER(Data!A565),LOWER(DataAll!$P$2:$P$555),0))} -> 66.76 | H565: {=INDEX(DataAll!$T$2:$T$555,MATCH(LOWER(Data!A565),LOWER(DataAll!$S$2:$S$555),0))} -> 0.161 | I565: {=INDEX(DataAll!$W$2:$W$555,MATCH(LOWER(Data!A565),LOWER(DataAll!$V$2:$V$555),0))} -> 56.9 | J565: {=INDEX(DataAll!$Z$2:$Z$555,MATCH(LOWER(Data!A565),LOWER(DataAll!$Y$2:$Y$555),0))} -> 3.34 | K565: {=INDEX(DataAll!$AM$2:$AM$555,MATCH(LOWER(Data!A565),LOWER(DataAll!$AL$2:$AL$555),0))} -> 38.66 | L565: {=INDEX(DataAll!$AJ$2:$AJ$555,MATCH(LOWER(Data!A565),LOWER(DataAll!$AI$2:$AI$555),0))} -> 60.34 | M565: {=INDEX(DataAll!$AP$2:$AP$555,MATCH(LOWER(Data!A565),LOWER(DataAll!$AO$2:$AO$555),0))} -> 64.04 | N565: {=INDEX(DataAll!$AQ$2:$AQ$555,MATCH(LOWER(Data!A565),LOWER(DataAll!$AO$2:$AO$555),0))} -> 67.92 | O565: {=INDEX(DataAll!$AT$2:$AT$555,MATCH(LOWER(Data!A565),LOWER(DataAll!$AS$2:$AS$555),0))} -> 4.4 | P565: {=INDEX(DataAll!$AU$2:$AU$555,MATCH(LOWER(Data!A565),LOWER(DataAll!$AS$2:$AS$555),0))} -> 1.83 | Q565: {=INDEX(DataAll!$AX$2:$AX$556,MATCH(LOWER(Data!A565),LOWER(DataAll!$AW$2:$AW$556),0))} -> 3.23 | R565: {=INDEX('Longitude and Latitude'!$B$2:$B$579,MATCH(LOWER(Data!A565),LOWER('Longitude and Latitude'!$A$2:$A$579),0))} -> -5.7400018 | S565: {=INDEX('Longitude and Latitude'!$C$2:$C$579,MATCH(LOWER(Data!A565),LOWER('Longitude and Latitude'!$A$2:$A$579),0))} -> 140.34818 | T565: =IF(EXACT(A565, UPPER(A565)), TRUE, FALSE) -> FALSE
A566: Nabire | C566: {=INDEX(DataAll!$E$2:$E$555,MATCH(LOWER(Data!A566),LOWER(DataAll!$D$2:$D$555),0))} -> 72.41 | D566: {=INDEX(DataAll!$H$2:$H$579,MATCH(LOWER(Data!A566),LOWER(DataAll!$G$2:$G$555),0))} -> 0.496 | E566: {=INDEX(DataAll!$K$2:$K$579,MATCH(LOWER(Data!A566),LOWER(DataAll!$J$2:$J$555),0))} -> 20 | F566: {=INDEX(DataAll!$N$2:$N$555,MATCH(LOWER(Data!A566),LOWER(DataAll!$M$2:$M$555),0))} -> 38.66 | G566: {=INDEX(DataAll!$Q$2:$Q$555,MATCH(LOWER(Data!A566),LOWER(DataAll!$P$2:$P$555),0))} -> 28.08 | H566: {=INDEX(DataAll!$T$2:$T$555,MATCH(LOWER(Data!A566),LOWER(DataAll!$S$2:$S$555),0))} -> 0.341 | I566: {=INDEX(DataAll!$W$2:$W$555,MATCH(LOWER(Data!A566),LOWER(DataAll!$V$2:$V$555),0))} -> 35 | J566: {=INDEX(DataAll!$Z$2:$Z$555,MATCH(LOWER(Data!A566),LOWER(DataAll!$Y$2:$Y$555),0))} -> 2.59 | K566: {=INDEX(DataAll!$AM$2:$AM$555,MATCH(LOWER(Data!A566),LOWER(DataAll!$AL$2:$AL$555),0))} -> 23.35 | L566: {=INDEX(DataAll!$AJ$2:$AJ$555,MATCH(LOWER(Data!A566),LOWER(DataAll!$AI$2:$AI$555),0))} -> 39.71 | M566: {=INDEX(DataAll!$AP$2:$AP$555,MATCH(LOWER(Data!A566),LOWER(DataAll!$AO$2:$AO$555),0))} -> 66.79 | N566: {=INDEX(DataAll!$AQ$2:$AQ$555,MATCH(LOWER(Data!A566),LOWER(DataAll!$AO$2:$AO$555),0))} -> 70.76 | O566: {=INDEX(DataAll!$AT$2:$AT$555,MATCH(LOWER(Data!A566),LOWER(DataAll!$AS$2:$AS$555),0))} -> 10.56 | P566: {=INDEX(DataAll!$AU$2:$AU$555,MATCH(LOWER(Data!A566),LOWER(DataAll!$AS$2:$AS$555),0))} -> 9.7 | Q566: {=INDEX(DataAll!$AX$2:$AX$556,MATCH(LOWER(Data!A566),LOWER(DataAll!$AW$2:$AW$556),0))} -> 54.06 | R566: {=INDEX('Longitude and Latitude'!$B$2:$B$579,MATCH(LOWER(Data!A566),LOWER('Longitude and Latitude'!$A$2:$A$579),0))} -> -1.0381022 | S566: {=INDEX('Longitude and Latitude'!$C$2:$C$579,MATCH(LOWER(Data!A566),LOWER('Longitude and Latitude'!$A$2:$A$579),0))} -> 135.98008 | T566: =IF(EXACT(A566, UPPER(A566)), TRUE, FALSE) -> FALSE
A567: Paniai | C567: {=INDEX(DataAll!$E$2:$E$555,MATCH(LOWER(Data!A567),LOWER(DataAll!$D$2:$D$555),0))} -> 40.2 | D567: {=INDEX(DataAll!$H$2:$H$579,MATCH(LOWER(Data!A567),LOWER(DataAll!$G$2:$G$555),0))} -> 0.674 | E567: {=INDEX(DataAll!$K$2:$K$579,MATCH(LOWER(Data!A567),LOWER(DataAll!$J$2:$J$555),0))} -> 4 | F567: {=INDEX(DataAll!$N$2:$N$555,MATCH(LOWER(Data!A567),LOWER(DataAll!$M$2:$M$555),0))} -> 12.45 | G567: {=INDEX(DataAll!$Q$2:$Q$555,MATCH(LOWER(Data!A567),LOWER(DataAll!$P$2:$P$555),0))} -> 58.96 | H567: {=INDEX(DataAll!$T$2:$T$555,MATCH(LOWER(Data!A567),LOWER(DataAll!$S$2:$S$555),0))} -> 0.312 | I567: {=INDEX(DataAll!$W$2:$W$555,MATCH(LOWER(Data!A567),LOWER(DataAll!$V$2:$V$555),0))} -> 48.61 | J567: {=INDEX(DataAll!$Z$2:$Z$555,MATCH(LOWER(Data!A567),LOWER(DataAll!$Y$2:$Y$555),0))} -> 2.69 | K567: {=INDEX(DataAll!$AM$2:$AM$555,MATCH(LOWER(Data!A567),LOWER(DataAll!$AL$2:$AL$555),0))} -> 35.39 | L567: {=INDEX(DataAll!$AJ$2:$AJ$555,MATCH(LOWER(Data!A567),LOWER(DataAll!$AI$2:$AI$555),0))} -> 41.48 | M567: {=INDEX(DataAll!$AP$2:$AP$555,MATCH(LOWER(Data!A567),LOWER(DataAll!$AO$2:$AO$555),0))} -> 65.3 | N567: {=INDEX(DataAll!$AQ$2:$AQ$555,MATCH(LOWER(Data!A567),LOWER(DataAll!$AO$2:$AO$555),0))} -> 69.25 | O567: {=INDEX(DataAll!$AT$2:$AT$555,MATCH(LOWER(Data!A567),LOWER(DataAll!$AS$2:$AS$555),0))} -> 5.08 | P567: {=INDEX(DataAll!$AU$2:$AU$555,MATCH(LOWER(Data!A567),LOWER(DataAll!$AS$2:$AS$555),0))} -> 3.46 | Q567: {=INDEX(DataAll!$AX$2:$AX$556,MATCH(LOWER(Data!A567),LOWER(DataAll!$AW$2:$AW$556),0))} -> 11.1 | R567: {=INDEX('Longitude and Latitude'!$B$2:$B$579,MATCH(LOWER(Data!A567),LOWER('Longitude and Latitude'!$A$2:$A$579),0))} -> -4.4553223 | S567: {=INDEX('Longitude and Latitude'!$C$2:$C$579,MATCH(LOWER(Data!A567),LOWER('Longitude and Latitude'!$A$2:$A$579),0))} -> 137.13621 | T567: =IF(EXACT(A567, UPPER(A567)), TRUE, FALSE) -> FALSE
A568: Intan Jaya | C568: {=INDEX(DataAll!$E$2:$E$555,MATCH(LOWER(Data!A568),LOWER(DataAll!$D$2:$D$555),0))} -> 35.89 | D568: {=INDEX(DataAll!$H$2:$H$579,MATCH(LOWER(Data!A568),LOWER(DataAll!$G$2:$G$555),0))} -> 0.887 | F568: {=INDEX(DataAll!$N$2:$N$555,MATCH(LOWER(Data!A568),LOWER(DataAll!$M$2:$M$555),0))} -> 18.76 | G568: {=INDEX(DataAll!$Q$2:$Q$555,MATCH(LOWER(Data!A568),LOWER(DataAll!$P$2:$P$555),0))} -> 41.29 | H568: {=INDEX(DataAll!$T$2:$T$555,MATCH(LOWER(Data!A568),LOWER(DataAll!$S$2:$S$555),0))} -> 0.484 | I568: {=INDEX(DataAll!$W$2:$W$555,MATCH(LOWER(Data!A568),LOWER(DataAll!$V$2:$V$555),0))} -> 65.07 | J568: {=INDEX(DataAll!$Z$2:$Z$555,MATCH(LOWER(Data!A568),LOWER(DataAll!$Y$2:$Y$555),0))} -> 2.87 | K568: {=INDEX(DataAll!$AM$2:$AM$555,MATCH(LOWER(Data!A568),LOWER(DataAll!$AL$2:$AL$555),0))} -> 40.01 | L568: {=INDEX(DataAll!$AJ$2:$AJ$555,MATCH(LOWER(Data!A568),LOWER(DataAll!$AI$2:$AI$555),0))} -> 59.99 | M568: {=INDEX(DataAll!$AP$2:$AP$555,MATCH(LOWER(Data!A568),LOWER(DataAll!$AO$2:$AO$555),0))} -> 64.22 | N568: {=INDEX(DataAll!$AQ$2:$AQ$555,MATCH(LOWER(Data!A568),LOWER(DataAll!$AO$2:$AO$555),0))} -> 68.11 | O568: {=INDEX(DataAll!$AT$2:$AT$555,MATCH(LOWER(Data!A568),LOWER(DataAll!$AS$2:$AS$555),0))} -> 4.76 | P568: {=INDEX(DataAll!$AU$2:$AU$555,MATCH(LOWER(Data!A568),LOWER(DataAll!$AS$2:$AS$555),0))} -> 2.06 | Q568: {=INDEX(DataAll!$AX$2:$AX$556,MATCH(LOWER(Data!A568),LOWER(DataAll!$AW$2:$AW$556),0))} -> 2.32 | R568: {=INDEX('Longitude and Latitude'!$B$2:$B$579,MATCH(LOWER(Data!A568),LOWER('Longitude and Latitude'!$A$2:$A$579),0))} -> -8.4960406 | S568: {=INDEX('Longitude and Latitude'!$C$2:$C$579,MATCH(LOWER(Data!A568),LOWER('Longitude and Latitude'!$A$2:$A$579),0))} -> 140.39455 | T568: =IF(EXACT(A568, UPPER(A568)), TRUE, FALSE) -> FALSE
A569: Puncak | C569: {=INDEX(DataAll!$E$2:$E$555,MATCH(LOWER(Data!A569),LOWER(DataAll!$D$2:$D$555),0))} -> 46.45 | D569: {=INDEX(DataAll!$H$2:$H$579,MATCH(LOWER(Data!A569),LOWER(DataAll!$G$2:$G$555),0))} -> 0.694 | E569: {=INDEX(DataAll!$K$2:$K$579,MATCH(LOWER(Data!A569),LOWER(DataAll!$J$2:$J$555),0))} -> 4 | F569: {=INDEX(DataAll!$N$2:$N$555,MATCH(LOWER(Data!A569),LOWER(DataAll!$M$2:$M$555),0))} -> 27.11 | G569: {=INDEX(DataAll!$Q$2:$Q$555,MATCH(LOWER(Data!A569),LOWER(DataAll!$P$2:$P$555),0))} -> 47.27 | H569: {=INDEX(DataAll!$T$2:$T$555,MATCH(LOWER(Data!A569),LOWER(DataAll!$S$2:$S$555),0))} -> 0.454 | I569: {=INDEX(DataAll!$W$2:$W$555,MATCH(LOWER(Data!A569),LOWER(DataAll!$V$2:$V$555),0))} -> 30.36 | J569: {=INDEX(DataAll!$Z$2:$Z$555,MATCH(LOWER(Data!A569),LOWER(DataAll!$Y$2:$Y$555),0))} -> 2.77 | K569: {=INDEX(DataAll!$AM$2:$AM$555,MATCH(LOWER(Data!A569),LOWER(DataAll!$AL$2:$AL$555),0))} -> 36.44 | L569: {=INDEX(DataAll!$AJ$2:$AJ$555,MATCH(LOWER(Data!A569),LOWER(DataAll!$AI$2:$AI$555),0))} -> 59.99 | M569: {=INDEX(DataAll!$AP$2:$AP$555,MATCH(LOWER(Data!A569),LOWER(DataAll!$AO$2:$AO$555),0))} -> 64.57 | N569: {=INDEX(DataAll!$AQ$2:$AQ$555,MATCH(LOWER(Data!A569),LOWER(DataAll!$AO$2:$AO$555),0))} -> 68.4 | O569: {=INDEX(DataAll!$AT$2:$AT$555,MATCH(LOWER(Data!A569),LOWER(DataAll!$AS$2:$AS$555),0))} -> 2.77 | P569: {=INDEX(DataAll!$AU$2:$AU$555,MATCH(LOWER(Data!A569),LOWER(DataAll!$AS$2:$AS$555),0))} -> 1.37 | Q569: {=INDEX(DataAll!$AX$2:$AX$556,MATCH(LOWER(Data!A569),LOWER(DataAll!$AW$2:$AW$556),0))} -> 2.06 | R569: {=INDEX('Longitude and Latitude'!$B$2:$B$579,MATCH(LOWER(Data!A569),LOWER('Longitude and Latitude'!$A$2:$A$579),0))} -> -4.0974893 | S569: {=INDEX('Longitude and Latitude'!$C$2:$C$579,MATCH(LOWER(Data!A569),LOWER('Longitude and Latitude'!$A$2:$A$579),0))} -> 136.43931 | T569: =IF(EXACT(A569, UPPER(A569)), TRUE, FALSE) -> FALSE
A570: Puncak Jaya | C570: {=INDEX(DataAll!$E$2:$E$555,MATCH(LOWER(Data!A570),LOWER(DataAll!$D$2:$D$555),0))} -> 38.72 | D570: {=INDEX(DataAll!$H$2:$H$579,MATCH(LOWER(Data!A570),LOWER(DataAll!$G$2:$G$555),0))} -> 0.52 | E570: {=INDEX(DataAll!$K$2:$K$579,MATCH(LOWER(Data!A570),LOWER(DataAll!$J$2:$J$555),0))} -> 6.67 | F570: {=INDEX(DataAll!$N$2:$N$555,MATCH(LOWER(Data!A570),LOWER(DataAll!$M$2:$M$555),0))} -> 6.07 | G570: {=INDEX(DataAll!$Q$2:$Q$555,MATCH(LOWER(Data!A570),LOWER(DataAll!$P$2:$P$555),0))} -> 39.43 | H570: {=INDEX(DataAll!$T$2:$T$555,MATCH(LOWER(Data!A570),LOWER(DataAll!$S$2:$S$555),0))} -> 0.211 | I570: {=INDEX(DataAll!$W$2:$W$555,MATCH(LOWER(Data!A570),LOWER(DataAll!$V$2:$V$555),0))} -> 44.45 | J570: {=INDEX(DataAll!$Z$2:$Z$555,MATCH(LOWER(Data!A570),LOWER(DataAll!$Y$2:$Y$555),0))} -> 2.46 | K570: {=INDEX(DataAll!$AM$2:$AM$555,MATCH(LOWER(Data!A570),LOWER(DataAll!$AL$2:$AL$555),0))} -> 35.6 | L570: {=INDEX(DataAll!$AJ$2:$AJ$555,MATCH(LOWER(Data!A570),LOWER(DataAll!$AI$2:$AI$555),0))} -> 51.27 | M570: {=INDEX(DataAll!$AP$2:$AP$555,MATCH(LOWER(Data!A570),LOWER(DataAll!$AO$2:$AO$555),0))} -> 64.01 | N570: {=INDEX(DataAll!$AQ$2:$AQ$555,MATCH(LOWER(Data!A570),LOWER(DataAll!$AO$2:$AO$555),0))} -> 67.89 | O570: {=INDEX(DataAll!$AT$2:$AT$555,MATCH(LOWER(Data!A570),LOWER(DataAll!$AS$2:$AS$555),0))} -> 5.59 | P570: {=INDEX(DataAll!$AU$2:$AU$555,MATCH(LOWER(Data!A570),LOWER(DataAll!$AS$2:$AS$555),0))} -> 3.96 | Q570: {=INDEX(DataAll!$AX$2:$AX$556,MATCH(LOWER(Data!A570),LOWER(DataAll!$AW$2:$AW$556),0))} -> 20.92 | R570: {=INDEX('Longitude and Latitude'!$B$2:$B$579,MATCH(LOWER(Data!A570),LOWER('Longitude and Latitude'!$A$2:$A$579),0))} -> -5.7400018 | S570: {=INDEX('Longitude and Latitude'!$C$2:$C$579,MATCH(LOWER(Data!A570),LOWER('Longitude and Latitude'!$A$2:$A$579),0))} -> 140.34818 | T570: =IF(EXACT(A570, UPPER(A570)), TRUE, FALSE) -> FALSE
A571: PAPUA PEGUNUNGAN | B571: - | C571: {=INDEX(DataAll!$E$2:$E$555,MATCH(LOWER(Data!A571),LOWER(DataAll!$D$2:$D$555),0))} -> #N/A | D571: {=INDEX(DataAll!$H$2:$H$579,MATCH(LOWER(Data!A571),LOWER(DataAll!$G$2:$G$555),0))} -> #N/A | E571: {=INDEX(DataAll!$K$2:$K$579,MATCH(LOWER(Data!A571),LOWER(DataAll!$J$2:$J$555),0))} -> #N/A | F571: {=INDEX(DataAll!$N$2:$N$555,MATCH(LOWER(Data!A571),LOWER(DataAll!$M$2:$M$555),0))} -> #N/A | G571: {=INDEX(DataAll!$Q$2:$Q$555,MATCH(LOWER(Data!A571),LOWER(DataAll!$P$2:$P$555),0))} -> #N/A | H571: {=INDEX(DataAll!$T$2:$T$555,MATCH(LOWER(Data!A571),LOWER(DataAll!$S$2:$S$555),0))} -> #N/A | I571: {=INDEX(DataAll!$W$2:$W$555,MATCH(LOWER(Data!A571),LOWER(DataAll!$V$2:$V$555),0))} -> #N/A | J571: {=INDEX(DataAll!$Z$2:$Z$555,MATCH(LOWER(Data!A571),LOWER(DataAll!$Y$2:$Y$555),0))} -> #N/A | K571: {=INDEX(DataAll!$AM$2:$AM$555,MATCH(LOWER(Data!A571),LOWER(DataAll!$AL$2:$AL$555),0))} -> #N/A | L571: {=INDEX(DataAll!$AJ$2:$AJ$555,MATCH(LOWER(Data!A571),LOWER(DataAll!$AI$2:$AI$555),0))} -> #N/A | M571: {=INDEX(DataAll!$AP$2:$AP$555,MATCH(LOWER(Data!A571),LOWER(DataAll!$AO$2:$AO$555),0))} -> #N/A | N571: {=INDEX(DataAll!$AQ$2:$AQ$555,MATCH(LOWER(Data!A571),LOWER(DataAll!$AO$2:$AO$555),0))} -> #N/A | O571: {=INDEX(DataAll!$AT$2:$AT$555,MATCH(LOWER(Data!A571),LOWER(DataAll!$AS$2:$AS$555),0))} -> #N/A | P571: {=INDEX(DataAll!$AU$2:$AU$555,MATCH(LOWER(Data!A571),LOWER(DataAll!$AS$2:$AS$555),0))} -> #N/A | Q571: {=INDEX(DataAll!$AX$2:$AX$556,MATCH(LOWER(Data!A571),LOWER(DataAll!$AW$2:$AW$556),0))} -> #N/A | R571: {=INDEX('Longitude and Latitude'!$B$2:$B$579,MATCH(LOWER(Data!A571),LOWER('Longitude and Latitude'!$A$2:$A$579),0))} -> -4.4939717 | S571: {=INDEX('Longitude and Latitude'!$C$2:$C$579,MATCH(LOWER(Data!A571),LOWER('Longitude and Latitude'!$A$2:$A$579),0))} -> 139.528 | T571: =IF(EXACT(A571, UPPER(A571)), TRUE, FALSE) -> TRUE
